DATE,TMAX,TAVG,TMIN,PRCP
1980-01-01,10.8,9.0,8.0,0.0
1980-01-02,10.9,9.4,8.2,0.0
1980-01-03,10.3,7.1,6.1,2.5
1980-01-04,6.3,5.6,5.0,3.3
1980-01-05,7.3,6.0,5.1,0.1
1980-01-06,6.8,6.2,5.6,1.1
1980-01-07,8.8,6.9,5.5,0.4
1980-01-08,10.7,7.5,4.7,0.0
1980-01-09,12.0,7.3,3.7,0.0
1980-01-10,9.4,8.3,7.0,0.0
1980-01-11,8.5,7.3,6.4,0.5
1980-01-12,10.1,7.9,6.5,0.0
1980-01-13,8.2,7.2,6.6,0.4
1980-01-14,9.0,7.3,6.3,0.0
1980-01-15,8.3,6.7,4.7,0.0
1980-01-16,10.3,7.8,6.9,0.1
1980-01-17,11.5,7.3,3.3,0.0
1980-01-18,10.3,8.4,7.2,2.6
1980-01-19,9.4,8.1,7.0,0.2
1980-01-20,9.6,8.3,7.5,0.0
1980-01-21,12.8,8.9,5.7,0.0
1980-01-22,11.2,8.6,6.8,0.0
1980-01-23,10.2,8.8,7.5,0.0
1980-01-24,10.3,9.1,8.1,0.0
1980-01-25,13.4,9.6,6.8,0.5
1980-01-26,13.9,10.2,7.6,0.0
1980-01-27,15.8,12.3,10.0,0.0
1980-01-28,13.4,11.3,9.8,0.0
1980-01-29,11.3,6.5,4.8,8.8
1980-01-30,5.1,3.0,1.9,9.7
1980-01-31,5.6,3.2,0.9,0.0
1980-02-01,4.7,3.3,2.7,1.9
1980-02-02,5.3,4.2,3.4,0.5
1980-02-03,6.8,5.2,3.8,0.0
1980-02-04,6.1,3.4,1.3,1.4
1980-02-05,3.3,1.4,0.9,2.0
1980-02-06,2.6,1.4,0.5,0.7
1980-02-07,3.8,2.5,1.4,0.3
1980-02-08,5.6,3.7,2.3,0.0
1980-02-09,8.6,4.6,1.0,0.0
1980-02-10,6.9,5.5,4.4,0.0
1980-02-11,6.2,5.0,4.0,0.2
1980-02-12,9.8,5.8,2.1,0.0
1980-02-13,9.3,7.7,5.9,0.0
1980-02-14,9.2,7.8,6.6,0.0
1980-02-15,8.3,7.1,6.5,0.0
1980-02-16,9.1,7.4,6.1,0.0
1980-02-17,8.4,7.3,6.0,0.0
1980-02-18,11.7,8.5,6.7,0.0
1980-02-19,13.4,9.3,7.6,0.0
1980-02-20,13.8,9.4,5.8,0.0
1980-02-21,11.8,9.4,8.3,0.0
1980-02-22,14.0,10.9,9.0,0.0
1980-02-23,16.2,12.0,9.7,0.4
1980-02-24,14.1,12.2,10.7,0.0
1980-02-25,13.2,11.4,9.7,0.1
1980-02-26,11.3,9.8,8.5,5.6
1980-02-27,15.1,10.9,8.0,0.0
1980-02-28,15.7,12.8,10.7,0.0
1980-02-29,18.0,13.5,10.2,0.0
1980-03-01,19.3,14.8,10.9,0.0
1980-03-02,16.3,13.4,11.0,0.0
1980-03-03,13.7,10.5,8.7,0.9
1980-03-04,11.6,8.8,7.4,2.1
1980-03-05,11.8,9.5,7.5,0.0
1980-03-06,15.5,11.8,9.4,0.0
1980-03-07,13.6,12.5,11.7,0.0
1980-03-08,14.5,12.4,10.8,0.5
1980-03-09,18.3,13.8,9.9,0.0
1980-03-10,21.0,17.2,14.6,0.0
1980-03-11,18.6,15.7,14.0,0.0
1980-03-12,15.2,12.5,11.6,0.0
1980-03-13,12.2,10.7,8.9,0.0
1980-03-14,11.6,9.3,8.4,0.0
1980-03-15,16.1,11.5,8.8,0.0
1980-03-16,19.2,14.2,10.6,0.0
1980-03-17,19.8,16.1,13.3,0.0
1980-03-18,22.0,16.8,11.8,0.0
1980-03-19,23.2,17.7,13.2,0.0
1980-03-20,20.4,17.9,16.8,0.0
1980-03-21,17.2,15.3,14.1,1.7
1980-03-22,15.7,13.9,12.3,0.0
1980-03-23,14.7,11.7,10.6,0.1
1980-03-24,11.7,10.5,9.4,0.0
1980-03-25,11.8,10.4,8.7,0.0
1980-03-26,14.7,11.4,9.2,2.0
1980-03-27,15.1,13.1,10.7,0.0
1980-03-28,18.6,14.8,11.7,0.0
1980-03-29,22.8,16.6,11.0,0.0
1980-03-30,21.3,18.1,15.8,0.0
1980-03-31,17.6,7.6,6.6,9.0
1980-04-01,16.5,10.1,5.2,0.0
1980-04-02,17.8,13.7,9.6,0.0
1980-04-03,20.1,16.7,14.0,0.0
1980-04-04,19.1,16.7,14.0,0.0
1980-04-05,22.8,18.4,15.3,0.0
1980-04-06,26.2,20.3,15.2,0.2
1980-04-07,29.2,23.1,18.1,0.0
1980-04-08,27.7,24.1,21.0,0.0
1980-04-09,24.2,18.4,16.6,15.5
1980-04-10,22.2,18.8,16.3,0.6
1980-04-11,23.0,18.4,15.9,5.4
1980-04-12,19.8,17.4,16.5,3.9
1980-04-13,16.8,9.3,7.0,14.4
1980-04-14,17.5,11.9,7.0,0.0
1980-04-15,19.5,15.6,13.0,0.0
1980-04-16,24.6,17.6,12.6,0.0
1980-04-17,28.1,21.8,15.9,0.0
1980-04-18,29.6,24.2,19.5,0.0
1980-04-19,29.0,24.5,22.0,0.0
1980-04-20,30.4,24.6,19.5,0.0
1980-04-21,27.9,21.3,19.3,3.7
1980-04-22,21.8,19.4,18.1,3.1
1980-04-23,20.8,17.9,16.8,18.3
1980-04-24,17.4,13.6,11.7,25.8
1980-04-25,16.5,13.5,11.2,9.4
1980-04-26,17.4,14.7,12.7,7.8
1980-04-27,19.7,17.1,14.9,0.0
1980-04-28,22.7,18.5,15.6,0.1
1980-04-29,24.7,20.4,17.9,0.0
1980-04-30,27.5,22.2,18.6,0.0
1980-05-01,24.2,21.0,19.1,4.1
1980-05-02,25.7,21.6,18.3,0.0
1980-05-03,30.9,24.8,19.6,0.0
1980-05-04,30.3,25.9,22.3,0.0
1980-05-05,26.0,21.8,20.7,0.1
1980-05-06,21.2,18.6,15.3,5.1
1980-05-07,19.1,17.0,15.1,2.8
1980-05-08,25.1,20.0,16.0,0.0
1980-05-09,28.6,23.7,18.0,0.0
1980-05-10,26.7,19.6,16.2,13.8
1980-05-11,24.9,19.5,15.8,0.3
1980-05-12,26.1,22.3,19.2,0.0
1980-05-13,30.6,25.6,21.5,0.0
1980-05-14,32.3,27.5,22.5,0.0
1980-05-15,32.7,28.2,23.7,0.0
1980-05-16,29.3,23.8,21.4,0.2
1980-05-17,21.5,16.7,15.2,26.3
1980-05-18,18.9,16.8,15.2,9.7
1980-05-19,25.2,19.9,16.0,0.0
1980-05-20,29.3,23.1,18.1,0.0
1980-05-21,29.5,25.7,21.2,0.0
1980-05-22,27.1,22.5,18.7,0.5
1980-05-23,26.7,23.8,21.7,0.1
1980-05-24,26.2,23.3,21.4,5.7
1980-05-25,25.0,22.6,21.6,0.0
1980-05-26,29.3,22.8,18.6,0.0
1980-05-27,31.1,24.3,17.7,0.0
1980-05-28,29.0,24.9,22.3,0.0
1980-05-29,31.4,26.3,21.4,0.0
1980-05-30,28.3,24.6,22.2,8.7
1980-05-31,24.9,21.0,16.1,8.4
1980-06-01,28.1,23.1,18.0,0.0
1980-06-02,27.9,23.6,19.5,0.0
1980-06-03,32.8,27.1,20.8,0.0
1980-06-04,31.7,28.1,25.5,0.0
1980-06-05,29.9,24.9,22.4,4.1
1980-06-06,26.8,23.3,21.0,32.5
1980-06-07,29.7,25.8,22.5,0.0
1980-06-08,26.9,22.6,20.5,5.9
1980-06-09,21.8,20.5,19.1,7.8
1980-06-10,24.3,22.2,20.6,0.5
1980-06-11,23.5,22.4,21.4,0.2
1980-06-12,28.4,23.9,20.4,0.0
1980-06-13,31.4,26.7,21.6,0.0
1980-06-14,35.4,30.3,24.8,0.0
1980-06-15,36.7,32.2,29.4,0.0
1980-06-16,32.7,24.8,23.5,2.3
1980-06-17,27.6,24.3,22.7,0.4
1980-06-18,24.5,22.2,21.0,0.1
1980-06-19,22.5,20.8,18.6,7.3
1980-06-20,26.0,21.9,19.7,0.6
1980-06-21,24.9,22.3,20.4,3.0
1980-06-22,25.6,23.7,22.2,2.0
1980-06-23,27.9,24.6,22.6,0.1
1980-06-24,27.2,24.0,22.0,4.7
1980-06-25,29.6,25.2,22.5,3.6
1980-06-26,32.3,27.7,22.4,0.0
1980-06-27,36.2,31.0,26.7,0.0
1980-06-28,34.9,31.2,27.9,0.0
1980-06-29,35.5,31.1,26.8,0.0
1980-06-30,36.2,32.3,28.9,0.0
1980-07-01,36.7,32.5,28.4,0.0
1980-07-02,38.2,33.4,29.4,0.0
1980-07-03,34.8,27.7,23.3,34.5
1980-07-04,27.2,23.6,21.8,7.3
1980-07-05,27.6,24.8,22.9,1.6
1980-07-06,32.2,27.2,22.9,0.0
1980-07-07,29.3,23.9,21.8,6.9
1980-07-08,24.9,22.4,21.1,3.9
1980-07-09,25.6,24.0,22.7,0.4
1980-07-10,24.5,23.2,23.0,3.7
1980-07-11,27.9,24.4,22.6,0.6
1980-07-12,26.0,24.3,22.3,2.1
1980-07-13,30.7,25.6,21.3,0.0
1980-07-14,32.8,28.1,23.2,0.0
1980-07-15,33.4,28.3,25.0,0.0
1980-07-16,27.4,23.0,19.8,2.9
1980-07-17,25.2,22.6,21.4,14.2
1980-07-18,27.6,23.4,21.3,5.5
1980-07-19,27.4,24.2,22.0,2.8
1980-07-20,31.5,26.3,21.7,0.0
1980-07-21,33.4,28.4,24.4,0.0
1980-07-22,34.2,29.2,24.1,0.0
1980-07-23,35.7,30.6,25.6,0.0
1980-07-24,35.4,31.5,27.0,0.0
1980-07-25,35.6,31.8,27.9,0.0
1980-07-26,36.3,31.6,26.6,0.0
1980-07-27,37.4,33.1,28.4,0.0
1980-07-28,37.6,33.3,28.2,0.0
1980-07-29,35.2,31.0,25.5,9.3
1980-07-30,26.9,23.8,23.0,195.3
1980-07-31,29.5,24.6,23.0,16.4
1980-08-01,30.9,26.7,24.0,0.1
1980-08-02,35.1,28.9,24.7,0.0
1980-08-03,31.2,25.8,24.1,7.6
1980-08-04,30.2,25.8,22.9,24.9
1980-08-05,30.7,27.1,23.2,0.0
1980-08-06,31.2,27.1,23.3,0.0
1980-08-07,28.2,22.5,20.4,24.5
1980-08-08,27.3,23.4,20.8,0.0
1980-08-09,31.4,26.1,22.2,0.0
1980-08-10,27.7,23.5,22.1,17.2
1980-08-11,23.6,22.0,20.7,1.3
1980-08-12,24.4,22.2,21.4,10.7
1980-08-13,24.7,22.5,21.2,0.2
1980-08-14,23.8,21.3,20.2,18.3
1980-08-15,27.3,23.1,19.6,0.0
1980-08-16,25.3,22.6,21.2,14.6
1980-08-17,22.0,20.5,20.1,13.5
1980-08-18,23.5,21.4,20.2,1.4
1980-08-19,29.2,24.5,21.0,0.0
1980-08-20,30.5,26.7,23.4,0.0
1980-08-21,27.8,26.1,24.3,0.0
1980-08-22,28.2,25.4,23.5,2.4
1980-08-23,32.7,26.9,24.3,0.0
1980-08-24,28.8,24.7,22.4,60.9
1980-08-25,32.2,26.8,23.0,0.0
1980-08-26,32.5,28.0,25.7,0.0
1980-08-27,26.9,24.1,23.0,21.5
1980-08-28,27.7,24.5,22.7,2.3
1980-08-29,27.4,24.9,23.6,0.2
1980-08-30,28.7,25.5,22.9,2.2
1980-08-31,31.7,26.6,22.5,0.0
1980-09-01,33.0,27.3,22.7,0.0
1980-09-02,33.0,28.1,23.8,0.0
1980-09-03,33.2,29.2,24.8,0.0
1980-09-04,31.1,24.0,18.5,0.0
1980-09-05,23.9,20.3,17.6,0.6
1980-09-06,24.2,22.1,20.1,1.2
1980-09-07,24.0,22.2,20.7,0.0
1980-09-08,22.4,18.6,17.6,12.4
1980-09-09,24.7,20.6,18.6,2.4
1980-09-10,28.3,23.0,18.7,0.0
1980-09-11,31.1,25.7,22.1,0.0
1980-09-12,31.7,26.5,22.4,0.0
1980-09-13,32.8,27.5,23.1,0.0
1980-09-14,33.0,27.3,24.6,0.0
1980-09-15,26.4,19.5,17.1,0.0
1980-09-16,18.5,17.0,15.7,0.1
1980-09-17,24.1,19.4,16.3,0.0
1980-09-18,20.2,18.5,17.5,0.4
1980-09-19,20.1,18.0,16.9,1.2
1980-09-20,25.3,21.4,18.2,0.0
1980-09-21,23.1,19.4,19.0,13.2
1980-09-22,19.5,16.8,15.5,26.4
1980-09-23,17.1,16.4,15.6,14.0
1980-09-24,21.0,18.3,16.4,4.1
1980-09-25,24.3,19.4,14.9,0.0
1980-09-26,24.5,20.2,16.4,0.0
1980-09-27,22.2,19.8,18.5,1.1
1980-09-28,24.7,20.1,17.2,0.0
1980-09-29,24.9,20.9,18.0,0.0
1980-09-30,21.5,20.1,19.3,0.0
1980-10-01,20.2,19.1,18.3,8.7
1980-10-02,18.8,17.4,15.8,12.4
1980-10-03,18.3,17.5,16.5,3.1
1980-10-04,18.6,17.6,16.8,27.5
1980-10-05,19.3,18.0,17.5,9.5
1980-10-06,19.9,18.6,17.5,6.2
1980-10-07,22.2,19.9,18.5,0.0
1980-10-08,24.0,21.3,19.5,0.2
1980-10-09,25.8,22.1,20.2,0.0
1980-10-10,24.9,21.8,20.6,0.0
1980-10-11,23.3,21.3,20.6,5.2
1980-10-12,22.2,20.8,19.1,0.8
1980-10-13,21.7,19.6,18.8,11.8
1980-10-14,23.6,20.3,18.1,6.4
1980-10-15,22.0,19.4,17.8,3.2
1980-10-16,22.4,19.1,17.6,0.6
1980-10-17,22.1,19.2,17.5,0.0
1980-10-18,23.8,19.6,16.3,0.0
1980-10-19,25.6,20.3,16.5,0.0
1980-10-20,21.6,19.3,17.3,0.0
1980-10-21,20.1,15.0,14.0,27.9
1980-10-22,14.5,13.8,13.2,19.6
1980-10-23,17.7,15.7,14.0,0.1
1980-10-24,20.7,17.5,14.7,0.0
1980-10-25,19.0,16.1,14.4,0.0
1980-10-26,16.6,14.4,12.7,0.0
1980-10-27,20.2,16.0,12.7,0.0
1980-10-28,19.5,16.7,14.6,0.0
1980-10-29,21.4,17.7,14.8,0.0
1980-10-30,19.0,17.5,16.6,0.0
1980-10-31,19.3,17.8,16.6,0.0
1980-11-01,18.9,17.7,17.2,0.1
1980-11-02,17.8,15.8,13.5,3.1
1980-11-03,16.3,14.9,13.7,0.5
1980-11-04,18.4,14.9,13.7,3.7
1980-11-05,17.2,15.4,14.0,0.0
1980-11-06,17.4,16.1,15.2,1.7
1980-11-07,21.3,17.2,14.6,0.0
1980-11-08,18.7,16.2,14.6,0.8
1980-11-09,15.6,13.0,11.7,4.6
1980-11-10,18.3,14.0,10.7,0.0
1980-11-11,16.9,15.1,13.8,0.0
1980-11-12,17.6,16.0,15.1,0.0
1980-11-13,21.4,17.2,14.2,0.0
1980-11-14,18.4,15.9,14.7,1.8
1980-11-15,19.8,16.3,14.7,0.0
1980-11-16,20.8,17.3,15.1,0.0
1980-11-17,20.4,17.5,15.3,0.0
1980-11-18,20.4,17.9,16.3,0.0
1980-11-19,18.4,16.0,14.7,16.2
1980-11-20,20.5,16.2,12.5,0.0
1980-11-21,19.3,17.4,16.0,0.0
1980-11-22,19.9,17.3,15.6,0.0
1980-11-23,18.5,15.1,14.2,22.3
1980-11-24,14.8,12.6,11.8,19.0
1980-11-25,13.4,12.7,12.0,0.2
1980-11-26,16.8,13.9,12.2,0.0
1980-11-27,19.1,15.2,12.5,0.0
1980-11-28,17.6,15.0,13.8,1.9
1980-11-29,15.4,14.1,13.3,0.4
1980-11-30,14.4,13.2,12.6,0.0
1980-12-01,14.7,13.1,11.6,0.0
1980-12-02,18.3,13.7,10.3,0.0
1980-12-03,15.3,12.9,11.8,0.0
1980-12-04,15.4,13.2,11.4,0.0
1980-12-05,14.3,12.0,11.1,2.8
1980-12-06,12.2,11.8,11.4,0.0
1980-12-07,14.2,12.5,11.4,0.0
1980-12-08,13.1,11.1,8.8,0.0
1980-12-09,15.7,12.6,10.3,0.0
1980-12-10,14.9,11.2,6.3,0.0
1980-12-11,15.6,12.8,11.5,0.0
1980-12-12,14.2,10.4,6.9,0.0
1980-12-13,11.0,9.3,8.7,0.0
1980-12-14,11.4,9.2,8.5,0.0
1980-12-15,12.6,9.2,5.9,0.0
1980-12-16,11.7,10.3,8.7,0.0
1980-12-17,11.2,10.4,9.6,0.3
1980-12-18,10.2,9.4,8.6,4.0
1980-12-19,9.7,8.6,7.5,0.2
1980-12-20,9.1,8.0,7.4,10.9
1980-12-21,9.8,8.4,6.8,0.0
1980-12-22,13.2,9.1,5.7,0.0
1980-12-23,11.3,8.9,6.4,0.0
1980-12-24,9.8,8.9,8.2,0.2
1980-12-25,9.3,8.5,7.9,0.8
1980-12-26,9.2,8.6,8.0,1.3
1980-12-27,8.3,7.8,7.2,0.0
1980-12-28,9.1,8.0,7.1,0.0
1980-12-29,9.7,7.2,5.5,0.0
1980-12-30,9.7,8.0,6.4,0.0
1980-12-31,12.4,9.1,5.8,0.0
1981-01-01,11.4,8.5,5.1,0.0
1981-01-02,10.0,8.5,7.6,0.4
1981-01-03,9.3,8.8,8.2,0.0
1981-01-04,9.9,8.6,7.8,0.3
1981-01-05,9.1,8.3,7.2,0.0
1981-01-06,8.9,7.9,7.3,0.0
1981-01-07,7.8,6.3,5.5,0.2
1981-01-08,6.7,5.9,5.5,0.2
1981-01-09,6.1,5.7,5.4,1.8
1981-01-10,8.7,6.6,5.8,0.4
1981-01-11,7.5,5.1,2.7,0.0
1981-01-12,7.7,5.8,3.8,0.0
1981-01-13,8.4,7.2,6.3,0.0
1981-01-14,11.6,8.5,6.6,0.0
1981-01-15,10.8,8.2,5.4,0.0
1981-01-16,10.7,9.3,8.3,0.0
1981-01-17,13.9,10.3,7.8,0.0
1981-01-18,12.2,10.5,8.9,0.0
1981-01-19,14.4,11.5,9.4,0.0
1981-01-20,12.2,9.3,8.4,1.2
1981-01-21,13.7,10.4,8.8,0.2
1981-01-22,11.0,9.9,9.3,0.0
1981-01-23,10.1,7.9,7.1,0.9
1981-01-24,7.5,5.6,4.9,1.5
1981-01-25,6.5,5.7,5.1,3.3
1981-01-26,6.0,4.0,3.3,0.2
1981-01-27,3.8,2.6,1.5,0.7
1981-01-28,5.2,4.0,3.0,0.0
1981-01-29,6.4,4.9,3.6,0.0
1981-01-30,6.1,5.0,4.0,0.0
1981-01-31,9.7,6.2,3.9,0.0
1981-02-01,11.6,7.8,5.4,0.0
1981-02-02,11.9,9.1,7.3,0.0
1981-02-03,13.8,9.6,7.7,0.0
1981-02-04,12.4,9.3,7.1,0.0
1981-02-05,11.6,10.3,8.9,0.0
1981-02-06,14.9,10.8,7.5,0.0
1981-02-07,11.8,10.2,9.6,0.0
1981-02-08,10.4,9.3,8.2,0.0
1981-02-09,9.5,8.6,7.8,0.0
1981-02-10,12.2,9.7,8.1,0.0
1981-02-11,13.3,10.8,9.0,0.0
1981-02-12,12.2,10.7,10.1,0.0
1981-02-13,16.3,10.9,7.3,0.0
1981-02-14,16.5,11.6,8.0,0.0
1981-02-15,14.6,12.8,10.9,5.8
1981-02-16,14.3,12.6,11.6,0.0
1981-02-17,11.7,10.4,9.4,0.2
1981-02-18,10.7,9.9,9.1,0.0
1981-02-19,14.3,10.7,8.5,0.0
1981-02-20,11.6,9.6,8.6,1.5
1981-02-21,13.8,10.7,8.6,0.0
1981-02-22,14.0,11.6,9.7,0.0
1981-02-23,17.1,13.2,10.4,0.0
1981-02-24,14.5,7.7,6.3,8.5
1981-02-25,7.0,5.9,4.8,4.0
1981-02-26,10.3,7.3,4.9,0.0
1981-02-27,11.7,8.1,5.6,0.0
1981-02-28,10.3,9.0,7.6,0.0
1981-03-01,12.7,9.7,7.6,0.0
1981-03-02,13.8,10.7,8.8,0.0
1981-03-03,11.6,10.2,9.0,0.0
1981-03-04,14.8,10.6,7.9,0.1
1981-03-05,14.3,11.2,9.2,0.0
1981-03-06,13.5,11.2,10.2,0.1
1981-03-07,17.4,11.6,5.7,0.0
1981-03-08,15.3,13.7,12.3,0.0
1981-03-09,15.4,13.1,10.8,0.0
1981-03-10,17.4,14.2,12.0,0.0
1981-03-11,18.1,14.8,13.0,0.0
1981-03-12,21.4,15.7,11.5,0.0
1981-03-13,23.5,18.3,15.3,0.0
1981-03-14,20.8,18.1,16.5,0.0
1981-03-15,17.3,12.1,10.8,9.9
1981-03-16,14.0,11.6,9.7,0.0
1981-03-17,14.5,12.9,11.6,0.0
1981-03-18,14.5,12.8,11.8,1.1
1981-03-19,21.0,14.9,9.9,0.0
1981-03-20,24.4,18.2,12.6,0.0
1981-03-21,23.5,20.0,17.6,0.0
1981-03-22,23.0,18.6,14.9,0.0
1981-03-23,21.9,18.2,16.2,0.2
1981-03-24,19.4,17.0,15.2,0.0
1981-03-25,22.1,17.0,12.8,0.0
1981-03-26,25.0,19.1,14.0,0.0
1981-03-27,24.3,20.1,17.9,0.0
1981-03-28,18.1,15.6,14.2,0.0
1981-03-29,17.4,14.2,11.6,1.0
1981-03-30,21.2,15.2,10.3,0.0
1981-03-31,23.8,18.9,15.9,0.0
1981-04-01,22.7,19.0,16.8,0.0
1981-04-02,18.9,13.6,12.9,14.6
1981-04-03,15.4,12.8,11.4,1.1
1981-04-04,19.4,15.0,12.6,0.1
1981-04-05,19.0,16.1,14.0,4.7
1981-04-06,19.3,16.6,14.9,0.0
1981-04-07,19.3,16.9,15.3,0.0
1981-04-08,18.9,16.4,15.3,0.0
1981-04-09,21.0,16.3,13.1,1.0
1981-04-10,20.7,17.9,16.4,0.2
1981-04-11,18.6,17.1,15.8,3.0
1981-04-12,23.4,18.4,13.8,14.5
1981-04-13,24.2,20.0,15.2,0.0
1981-04-14,24.1,20.4,17.7,0.0
1981-04-15,27.6,22.0,17.6,0.0
1981-04-16,27.0,23.4,21.1,0.0
1981-04-17,25.9,21.9,18.8,46.6
1981-04-18,24.4,17.5,15.2,28.4
1981-04-19,17.8,16.1,14.6,8.8
1981-04-20,19.6,16.4,14.9,0.5
1981-04-21,22.6,18.2,15.1,0.0
1981-04-22,26.1,19.9,14.5,0.0
1981-04-23,29.1,23.5,18.5,0.0
1981-04-24,26.5,16.3,13.3,16.4
1981-04-25,15.7,14.1,12.6,2.6
1981-04-26,19.1,15.7,13.5,0.0
1981-04-27,24.7,18.8,14.8,0.0
1981-04-28,23.8,20.1,16.9,7.0
1981-04-29,21.2,18.4,17.5,2.3
1981-04-30,24.0,18.8,15.4,9.1
1981-05-01,27.8,23.0,19.4,0.0
1981-05-02,25.5,17.9,13.4,33.5
1981-05-03,18.1,15.4,13.5,2.0
1981-05-04,22.1,17.5,14.3,0.0
1981-05-05,25.1,19.9,15.2,0.0
1981-05-06,29.4,23.2,18.1,0.0
1981-05-07,32.2,26.4,20.3,0.0
1981-05-08,35.0,28.8,23.5,0.0
1981-05-09,34.6,30.0,25.8,0.0
1981-05-10,31.5,23.4,19.9,50.3
1981-05-11,22.4,19.8,18.6,5.8
1981-05-12,18.9,16.3,14.8,3.7
1981-05-13,17.8,16.2,14.6,0.9
1981-05-14,23.9,19.1,15.7,1.6
1981-05-15,25.1,20.8,18.0,0.0
1981-05-16,27.3,22.7,18.6,0.0
1981-05-17,24.8,21.3,20.2,1.6
1981-05-18,20.4,16.1,15.2,28.1
1981-05-19,16.8,16.4,15.7,11.3
1981-05-20,21.7,18.0,16.0,3.7
1981-05-21,25.8,21.0,16.8,0.0
1981-05-22,27.4,21.8,17.3,0.0
1981-05-23,24.6,21.3,19.9,0.0
1981-05-24,21.1,19.0,17.6,9.5
1981-05-25,22.8,19.5,17.3,8.6
1981-05-26,23.9,21.5,18.8,0.0
1981-05-27,28.8,24.0,20.5,0.0
1981-05-28,26.8,23.8,21.0,3.2
1981-05-29,20.8,17.7,16.9,23.5
1981-05-30,24.5,20.2,16.6,0.0
1981-05-31,26.2,22.7,19.7,1.1
1981-06-01,28.8,24.4,20.4,0.0
1981-06-02,25.7,22.2,21.2,0.0
1981-06-03,21.7,18.5,16.7,18.7
1981-06-04,19.1,18.0,16.3,3.0
1981-06-05,24.6,20.2,16.9,0.0
1981-06-06,24.4,22.3,19.7,0.0
1981-06-07,23.5,20.5,19.3,0.5
1981-06-08,22.2,20.2,19.0,4.6
1981-06-09,24.2,21.7,20.4,0.2
1981-06-10,26.6,23.7,21.0,0.0
1981-06-11,26.7,23.0,19.8,24.1
1981-06-12,30.6,24.6,19.9,0.0
1981-06-13,32.5,27.5,22.4,0.0
1981-06-14,34.0,28.4,23.3,0.0
1981-06-15,34.4,29.1,24.8,0.0
1981-06-16,34.8,29.2,22.8,0.0
1981-06-17,34.5,29.3,24.4,0.0
1981-06-18,36.4,31.2,26.0,0.0
1981-06-19,36.3,29.4,24.6,0.0
1981-06-20,36.8,31.3,27.5,0.0
1981-06-21,33.7,28.3,25.6,0.2
1981-06-22,28.2,25.0,23.7,2.7
1981-06-23,29.6,25.9,23.7,2.1
1981-06-24,28.2,25.2,23.3,0.0
1981-06-25,29.2,25.5,22.8,0.3
1981-06-26,27.5,24.5,23.4,6.2
1981-06-27,30.7,26.4,23.9,0.0
1981-06-28,31.7,27.2,22.4,0.0
1981-06-29,33.3,28.7,24.4,0.0
1981-06-30,32.6,27.5,21.6,8.9
1981-07-01,31.5,27.8,24.9,0.7
1981-07-02,27.2,24.1,22.2,121.0
1981-07-03,32.3,27.2,23.9,8.0
1981-07-04,33.6,30.9,28.7,0.1
1981-07-05,34.7,29.6,24.5,0.0
1981-07-06,35.9,31.5,27.1,0.0
1981-07-07,36.3,31.8,28.0,0.0
1981-07-08,36.1,32.1,28.0,0.0
1981-07-09,35.4,31.2,28.2,0.0
1981-07-10,35.3,31.3,27.6,0.0
1981-07-11,31.8,28.0,26.3,0.0
1981-07-12,33.7,29.7,26.3,0.0
1981-07-13,35.3,30.3,27.2,0.0
1981-07-14,27.2,20.9,20.4,34.9
1981-07-15,29.1,24.4,20.7,0.0
1981-07-16,31.2,26.8,24.1,0.0
1981-07-17,30.6,25.8,23.6,10.1
1981-07-18,32.5,27.2,23.5,5.9
1981-07-19,34.7,29.8,26.1,0.0
1981-07-20,35.4,28.1,24.9,2.2
1981-07-21,32.1,28.1,24.6,0.0
1981-07-22,32.2,26.8,22.7,40.6
1981-07-23,32.3,28.3,24.2,0.3
1981-07-24,34.4,29.1,26.2,0.0
1981-07-25,31.3,24.8,21.2,25.9
1981-07-26,31.7,26.9,23.5,0.3
1981-07-27,33.7,29.4,25.5,0.1
1981-07-28,34.7,30.0,26.7,0.2
1981-07-29,35.2,29.2,24.7,0.8
1981-07-30,35.3,30.2,26.0,0.0
1981-07-31,35.5,31.4,27.6,0.0
1981-08-01,36.1,31.5,28.2,0.0
1981-08-02,36.0,30.8,27.5,0.0
1981-08-03,34.0,28.5,24.6,5.2
1981-08-04,35.7,29.9,25.6,0.0
1981-08-05,37.4,31.9,27.9,0.0
1981-08-06,37.8,33.2,28.9,0.0
1981-08-07,35.2,31.2,27.0,0.0
1981-08-08,36.7,31.3,27.7,0.0
1981-08-09,38.9,32.5,28.6,0.0
1981-08-10,32.2,24.5,22.1,23.4
1981-08-11,29.8,25.6,23.2,0.0
1981-08-12,31.7,27.2,24.3,1.2
1981-08-13,28.2,25.2,23.2,19.2
1981-08-14,30.6,26.6,23.9,10.9
1981-08-15,35.3,30.0,26.2,0.0
1981-08-16,36.2,31.0,26.3,17.2
1981-08-17,31.2,27.8,25.9,0.0
1981-08-18,33.0,28.5,25.4,0.0
1981-08-19,38.2,32.0,27.1,0.0
1981-08-20,37.9,31.9,28.2,0.0
1981-08-21,37.8,31.3,25.7,0.0
1981-08-22,36.3,32.6,29.9,0.0
1981-08-23,37.2,32.7,28.6,0.0
1981-08-24,34.5,28.2,23.8,26.1
1981-08-25,23.9,22.0,21.3,14.6
1981-08-26,25.0,22.4,20.9,1.4
1981-08-27,28.7,24.8,22.6,0.0
1981-08-28,32.6,27.2,23.2,0.0
1981-08-29,29.6,24.7,23.1,0.0
1981-08-30,28.6,24.0,20.5,8.0
1981-08-31,32.2,26.9,23.9,0.0
1981-09-01,31.0,27.0,23.7,0.0
1981-09-02,34.4,29.2,25.7,0.0
1981-09-03,31.1,26.2,23.8,0.0
1981-09-04,25.6,23.4,21.7,0.7
1981-09-05,28.3,24.2,22.0,0.0
1981-09-06,27.2,24.2,22.0,0.0
1981-09-07,27.5,24.0,21.7,0.0
1981-09-08,26.3,22.9,21.1,0.7
1981-09-09,23.5,20.3,18.2,0.3
1981-09-10,22.0,19.6,18.0,0.0
1981-09-11,20.9,19.5,18.8,0.4
1981-09-12,20.4,19.2,18.1,3.8
1981-09-13,20.2,18.0,17.4,13.9
1981-09-14,18.4,17.5,16.9,9.4
1981-09-15,20.9,19.0,17.5,0.3
1981-09-16,22.3,20.3,18.9,0.0
1981-09-17,23.8,20.4,19.2,2.1
1981-09-18,26.9,21.6,17.6,0.0
1981-09-19,30.7,24.1,19.2,0.0
1981-09-20,30.1,25.1,21.3,0.0
1981-09-21,28.8,23.6,19.7,0.0
1981-09-22,30.3,25.1,21.0,0.0
1981-09-23,28.2,23.3,20.2,0.0
1981-09-24,30.3,24.2,19.1,0.0
1981-09-25,32.0,25.5,20.6,0.0
1981-09-26,32.8,27.0,22.2,0.0
1981-09-27,32.5,27.9,23.5,0.0
1981-09-28,29.2,25.5,23.9,0.0
1981-09-29,24.1,21.0,19.8,0.4
1981-09-30,20.0,17.5,17.2,5.1
1981-10-01,17.9,16.7,16.0,8.5
1981-10-02,20.4,18.3,16.9,0.0
1981-10-03,19.5,18.2,17.4,14.3
1981-10-04,18.8,17.9,17.0,7.3
1981-10-05,17.4,15.8,15.0,10.7
1981-10-06,17.9,16.1,14.7,4.3
1981-10-07,18.5,16.8,15.6,0.2
1981-10-08,17.8,14.0,9.8,6.6
1981-10-09,14.8,11.7,9.4,3.5
1981-10-10,16.0,13.9,12.5,0.0
1981-10-11,20.4,16.1,13.1,0.0
1981-10-12,18.1,16.5,14.7,1.6
1981-10-13,18.0,16.7,15.2,0.1
1981-10-14,18.8,16.8,16.0,0.4
1981-10-15,16.7,15.0,13.7,6.2
1981-10-16,18.0,16.7,15.5,0.0
1981-10-17,21.7,18.1,16.1,0.8
1981-10-18,19.4,17.9,16.8,1.5
1981-10-19,18.2,17.0,16.2,0.4
1981-10-20,19.8,17.6,16.0,0.4
1981-10-21,18.5,16.7,15.8,0.7
1981-10-22,17.0,10.5,7.7,6.4
1981-10-23,15.7,10.7,7.7,3.0
1981-10-24,14.4,11.6,9.3,0.0
1981-10-25,14.9,12.8,10.3,0.0
1981-10-26,14.8,13.7,12.6,0.0
1981-10-27,13.8,11.5,10.4,4.9
1981-10-28,17.3,13.4,10.6,0.1
1981-10-29,19.2,14.5,10.9,0.0
1981-10-30,16.9,15.7,14.4,0.0
1981-10-31,16.4,15.4,14.6,0.0
1981-11-01,16.9,14.7,13.1,2.0
1981-11-02,16.9,14.9,13.3,0.1
1981-11-03,16.3,15.0,14.3,0.1
1981-11-04,14.9,13.6,12.4,0.0
1981-11-05,12.8,11.8,11.2,4.8
1981-11-06,11.8,9.8,8.8,9.4
1981-11-07,10.2,9.7,9.0,1.4
1981-11-08,12.2,9.9,8.7,5.5
1981-11-09,14.3,10.4,7.6,0.0
1981-11-10,12.7,10.4,7.7,0.0
1981-11-11,12.5,11.2,9.9,0.0
1981-11-12,13.2,11.7,10.6,0.0
1981-11-13,13.6,12.0,10.4,0.0
1981-11-14,14.1,13.1,12.0,0.0
1981-11-15,17.0,13.7,11.9,0.0
1981-11-16,18.2,13.5,9.5,0.0
1981-11-17,19.3,14.4,10.6,0.3
1981-11-18,18.4,15.3,13.5,0.0
1981-11-19,16.8,14.9,13.7,0.0
1981-11-20,17.9,15.3,13.3,0.0
1981-11-21,16.3,13.8,12.5,1.1
1981-11-22,12.8,12.2,11.7,2.5
1981-11-23,12.4,11.2,10.8,3.9
1981-11-24,12.6,11.7,10.9,0.8
1981-11-25,16.3,13.4,11.2,0.0
1981-11-26,14.9,12.3,11.3,0.7
1981-11-27,12.3,10.7,9.5,1.8
1981-11-28,12.1,10.8,9.9,0.0
1981-11-29,11.0,9.8,8.6,0.5
1981-11-30,12.4,10.6,9.3,0.1
1981-12-01,11.1,10.1,9.4,0.0
1981-12-02,10.3,9.4,8.8,0.0
1981-12-03,10.2,8.4,7.5,0.0
1981-12-04,9.0,8.4,7.5,0.0
1981-12-05,10.1,8.4,7.1,1.0
1981-12-06,11.6,9.3,7.3,0.0
1981-12-07,13.0,8.9,4.7,0.0
1981-12-08,11.1,9.6,8.1,0.0
1981-12-09,11.1,9.7,8.4,0.0
1981-12-10,10.7,9.8,8.8,0.0
1981-12-11,12.5,10.5,8.8,0.0
1981-12-12,11.2,9.5,8.6,2.9
1981-12-13,9.7,8.0,7.1,2.4
1981-12-14,8.1,7.1,6.4,3.8
1981-12-15,7.2,6.4,5.7,3.6
1981-12-16,7.7,6.6,5.6,1.5
1981-12-17,7.4,6.8,6.0,1.4
1981-12-18,6.5,5.0,3.6,1.8
1981-12-19,5.8,4.2,2.9,0.0
1981-12-20,8.8,5.3,3.1,0.0
1981-12-21,6.7,5.0,3.2,0.0
1981-12-22,9.8,5.5,2.4,0.0
1981-12-23,9.8,5.2,0.7,0.0
1981-12-24,7.4,5.4,2.9,0.0
1981-12-25,7.4,6.6,5.8,0.1
1981-12-26,11.7,7.3,3.5,0.0
1981-12-27,10.9,8.9,7.2,0.0
1981-12-28,11.2,9.6,7.7,0.0
1981-12-29,10.6,8.2,6.7,3.1
1981-12-30,7.8,6.1,4.9,2.4
1981-12-31,8.9,6.6,5.4,0.0
1982-01-01,11.4,7.7,4.7,0.0
1982-01-02,10.0,8.1,7.4,0.0
1982-01-03,8.2,7.7,7.4,0.7
1982-01-04,10.1,8.1,7.1,0.1
1982-01-05,9.7,8.8,7.8,0.0
1982-01-06,10.3,8.7,8.2,0.0
1982-01-07,10.4,7.5,5.2,0.0
1982-01-08,9.8,7.2,5.2,0.0
1982-01-09,7.7,5.9,5.3,0.1
1982-01-10,7.5,6.5,5.5,0.0
1982-01-11,9.7,8.0,7.2,0.0
1982-01-12,8.7,7.9,7.8,1.2
1982-01-13,8.8,8.3,7.9,1.4
1982-01-14,12.4,8.9,6.1,0.0
1982-01-15,10.7,9.2,7.4,0.0
1982-01-16,11.3,8.6,7.3,0.1
1982-01-17,13.6,9.8,6.6,0.0
1982-01-18,14.8,9.6,5.6,0.0
1982-01-19,16.0,11.9,9.5,0.0
1982-01-20,12.4,10.3,9.1,0.0
1982-01-21,10.6,8.9,8.1,0.1
1982-01-22,9.5,9.0,8.6,0.0
1982-01-23,9.4,8.7,8.2,2.1
1982-01-24,11.3,9.8,8.7,0.6
1982-01-25,12.4,10.1,9.3,0.0
1982-01-26,10.7,9.3,8.4,0.0
1982-01-27,10.0,9.7,9.4,0.0
1982-01-28,9.9,8.5,8.0,0.3
1982-01-29,8.1,7.0,6.4,0.0
1982-01-30,7.1,5.3,4.0,0.3
1982-01-31,9.0,7.1,5.8,0.0
1982-02-01,9.2,7.7,6.6,0.0
1982-02-02,8.2,6.7,6.3,0.5
1982-02-03,10.2,8.0,6.7,1.0
1982-02-04,8.9,7.1,6.7,1.1
1982-02-05,6.9,6.4,6.0,1.2
1982-02-06,6.7,5.8,5.1,0.5
1982-02-07,5.9,5.1,4.4,0.0
1982-02-08,7.1,5.8,5.1,0.0
1982-02-09,7.0,5.7,4.8,2.1
1982-02-10,5.9,4.8,3.2,5.4
1982-02-11,9.6,6.4,5.0,0.0
1982-02-12,7.3,6.4,5.9,0.1
1982-02-13,6.8,5.2,3.9,4.3
1982-02-14,8.2,6.5,5.3,0.2
1982-02-15,10.2,7.3,5.8,0.0
1982-02-16,13.4,8.9,5.7,0.0
1982-02-17,10.5,9.0,8.0,0.0
1982-02-18,9.4,8.1,7.2,0.9
1982-02-19,13.5,9.9,7.3,0.0
1982-02-20,15.8,11.8,8.5,0.0
1982-02-21,14.5,12.3,11.1,0.0
1982-02-22,12.3,11.3,10.6,0.1
1982-02-23,14.8,12.2,10.4,0.0
1982-02-24,13.0,10.2,9.3,0.0
1982-02-25,11.8,10.2,9.2,0.0
1982-02-26,10.7,9.0,7.6,4.2
1982-02-27,16.2,10.8,7.4,0.0
1982-02-28,14.2,11.4,9.1,0.0
1982-03-01,12.2,11.4,9.5,0.1
1982-03-02,13.1,11.4,9.8,0.0
1982-03-03,15.3,12.1,10.1,0.0
1982-03-04,16.5,12.7,9.7,0.0
1982-03-05,17.5,13.7,10.5,0.0
1982-03-06,14.6,10.4,9.4,2.8
1982-03-07,9.7,8.1,7.6,8.0
1982-03-08,7.6,6.6,5.8,3.8
1982-03-09,12.5,9.0,7.0,2.7
1982-03-10,11.7,9.6,7.0,0.0
1982-03-11,16.9,11.8,8.4,0.0
1982-03-12,16.7,13.0,10.7,0.0
1982-03-13,19.3,14.6,12.1,0.0
1982-03-14,20.5,15.5,11.7,0.0
1982-03-15,24.6,17.8,12.0,0.0
1982-03-16,24.8,20.0,16.2,0.0
1982-03-17,22.2,17.7,15.1,0.0
1982-03-18,19.6,15.2,12.9,0.8
1982-03-19,16.1,13.5,12.3,1.5
1982-03-20,13.4,12.0,11.3,2.3
1982-03-21,20.9,15.1,10.9,0.0
1982-03-22,23.2,18.7,15.1,0.0
1982-03-23,22.6,20.0,17.7,0.0
1982-03-24,20.7,16.6,12.8,0.1
1982-03-25,12.7,9.9,9.0,1.5
1982-03-26,11.7,9.4,7.6,0.0
1982-03-27,12.6,10.6,8.9,0.0
1982-03-28,13.1,11.4,10.1,0.0
1982-03-29,17.7,13.3,10.6,0.0
1982-03-30,15.9,13.7,10.7,0.0
1982-03-31,21.3,16.7,12.8,0.0
1982-04-01,19.6,15.9,14.8,0.4
1982-04-02,15.1,12.3,10.7,7.8
1982-04-03,11.2,9.9,9.2,13.6
1982-04-04,15.7,11.9,9.7,0.0
1982-04-05,16.0,13.3,11.3,0.0
1982-04-06,17.9,14.5,11.9,0.0
1982-04-07,17.4,15.1,13.3,0.0
1982-04-08,16.1,12.7,11.5,9.5
1982-04-09,16.1,13.5,12.2,0.6
1982-04-10,18.4,14.2,11.0,2.7
1982-04-11,17.4,14.0,11.1,7.9
1982-04-12,18.6,15.5,12.6,0.0
1982-04-13,20.0,16.0,13.5,14.3
1982-04-14,24.0,17.7,12.6,0.0
1982-04-15,20.2,17.0,15.9,2.2
1982-04-16,19.5,16.3,14.5,0.3
1982-04-17,20.9,16.6,13.8,0.0
1982-04-18,18.4,15.4,14.0,6.9
1982-04-19,16.0,14.5,13.8,0.1
1982-04-20,20.8,16.3,13.6,2.5
1982-04-21,22.6,18.3,15.7,0.2
1982-04-22,20.9,18.0,16.6,0.2
1982-04-23,25.5,19.3,14.4,0.0
1982-04-24,25.6,20.8,17.7,0.0
1982-04-25,27.7,21.5,15.7,0.0
1982-04-26,25.3,20.8,17.2,31.7
1982-04-27,25.0,20.6,15.9,0.0
1982-04-28,16.0,12.8,11.7,9.8
1982-04-29,15.6,13.3,11.8,6.5
1982-04-30,16.7,14.7,13.6,1.7
1982-05-01,23.8,18.0,13.3,0.0
1982-05-02,27.1,21.2,15.6,0.0
1982-05-03,27.0,21.8,18.1,0.0
1982-05-04,28.3,23.5,18.5,0.0
1982-05-05,27.8,22.3,18.0,23.3
1982-05-06,25.7,19.8,17.6,0.1
1982-05-07,28.4,21.4,15.3,0.0
1982-05-08,29.8,25.2,21.0,0.0
1982-05-09,27.0,23.3,20.4,4.2
1982-05-10,31.5,25.5,20.9,0.0
1982-05-11,30.5,26.2,22.3,6.8
1982-05-12,27.6,16.7,12.4,43.6
1982-05-13,15.7,13.5,12.2,0.2
1982-05-14,17.5,14.3,12.2,1.0
1982-05-15,21.1,17.5,14.4,0.0
1982-05-16,22.2,19.5,17.7,0.0
1982-05-17,24.8,20.8,17.8,0.0
1982-05-18,29.9,24.1,19.8,0.0
1982-05-19,28.9,24.3,20.6,0.0
1982-05-20,27.8,24.4,22.1,0.0
1982-05-21,31.6,25.7,21.0,0.0
1982-05-22,33.4,27.3,21.5,0.0
1982-05-23,30.2,24.0,21.1,8.4
1982-05-24,29.5,24.7,20.6,0.1
1982-05-25,28.3,25.0,21.1,1.9
1982-05-26,27.2,23.9,21.0,41.9
1982-05-27,28.7,24.3,20.6,0.1
1982-05-28,29.7,25.4,22.1,0.0
1982-05-29,32.3,27.5,23.4,0.0
1982-05-30,32.8,28.4,25.1,0.0
1982-05-31,29.9,24.6,20.8,38.6
1982-06-01,25.3,23.0,21.4,54.8
1982-06-02,21.5,19.7,18.9,11.8
1982-06-03,20.5,19.3,17.7,1.5
1982-06-04,20.4,19.0,17.1,1.9
1982-06-05,20.7,19.6,18.0,0.0
1982-06-06,23.5,20.4,18.3,0.0
1982-06-07,26.3,22.5,19.0,0.0
1982-06-08,30.7,25.2,20.4,0.0
1982-06-09,29.3,25.3,23.3,0.0
1982-06-10,23.7,20.2,18.6,4.7
1982-06-11,21.3,19.4,18.0,30.7
1982-06-12,25.7,22.1,18.7,0.0
1982-06-13,27.4,23.9,21.7,0.1
1982-06-14,25.8,22.7,20.7,5.0
1982-06-15,25.5,22.6,20.7,9.2
1982-06-16,23.4,22.3,21.4,11.9
1982-06-17,27.6,24.2,21.4,3.1
1982-06-18,30.7,26.0,22.5,0.0
1982-06-19,27.7,25.4,23.2,3.0
1982-06-20,30.8,26.7,24.0,0.0
1982-06-21,28.5,21.3,18.1,7.8
1982-06-22,25.3,21.6,18.2,0.0
1982-06-23,29.3,23.8,19.6,0.0
1982-06-24,30.2,25.9,21.5,0.0
1982-06-25,30.0,26.6,23.6,0.0
1982-06-26,27.7,22.9,19.7,4.6
1982-06-27,19.8,18.7,18.2,22.6
1982-06-28,25.3,21.5,18.6,2.3
1982-06-29,29.0,24.7,21.2,0.0
1982-06-30,27.0,25.0,22.3,0.3
1982-07-01,25.0,23.0,22.0,5.6
1982-07-02,29.7,24.3,21.0,0.0
1982-07-03,31.4,26.9,22.7,0.0
1982-07-04,31.3,27.9,24.0,0.0
1982-07-05,29.2,24.8,21.5,34.3
1982-07-06,29.6,25.3,22.7,0.0
1982-07-07,33.9,28.7,24.2,0.0
1982-07-08,33.4,29.9,27.4,0.0
1982-07-09,35.7,30.5,26.5,0.0
1982-07-10,33.9,29.1,26.1,0.0
1982-07-11,28.5,22.8,20.4,1.4
1982-07-12,25.8,23.6,21.9,0.0
1982-07-13,28.9,24.5,21.9,0.0
1982-07-14,33.1,28.4,24.6,0.0
1982-07-15,32.9,28.8,26.7,0.0
1982-07-16,29.7,26.8,24.8,1.0
1982-07-17,27.2,24.8,23.9,6.2
1982-07-18,29.9,25.4,22.5,12.1
1982-07-19,31.5,27.1,24.5,0.0
1982-07-20,27.8,23.6,21.6,8.4
1982-07-21,26.7,23.9,22.1,0.2
1982-07-22,27.3,24.2,22.3,3.6
1982-07-23,25.6,23.8,23.2,6.5
1982-07-24,30.8,26.0,22.2,0.0
1982-07-25,33.7,28.1,23.5,0.0
1982-07-26,35.3,30.1,26.1,0.0
1982-07-27,31.5,25.8,23.5,10.9
1982-07-28,25.7,23.3,22.6,2.3
1982-07-29,23.2,21.9,20.7,66.1
1982-07-30,23.3,21.6,19.7,3.0
1982-07-31,30.5,25.2,20.8,0.0
1982-08-01,32.8,27.9,23.7,0.0
1982-08-02,34.4,29.0,24.2,0.0
1982-08-03,36.6,31.4,26.8,0.0
1982-08-04,33.5,26.5,23.8,2.2
1982-08-05,32.2,26.9,23.3,0.0
1982-08-06,34.1,29.5,25.3,0.0
1982-08-07,34.7,30.0,25.9,0.0
1982-08-08,35.2,29.8,25.6,0.0
1982-08-09,34.4,29.0,26.2,1.3
1982-08-10,31.9,25.8,21.5,13.1
1982-08-11,32.0,26.5,22.2,2.4
1982-08-12,33.1,28.0,24.5,0.0
1982-08-13,31.6,27.8,24.6,0.4
1982-08-14,34.4,29.2,25.1,0.0
1982-08-15,34.7,29.9,25.4,0.0
1982-08-16,32.7,29.2,26.3,0.0
1982-08-17,33.4,28.5,25.2,0.0
1982-08-18,34.6,29.3,23.6,0.0
1982-08-19,33.0,28.4,25.6,0.3
1982-08-20,30.2,27.2,25.5,0.0
1982-08-21,27.7,24.0,22.6,11.6
1982-08-22,23.1,21.9,21.3,31.3
1982-08-23,24.4,22.9,21.8,9.0
1982-08-24,23.4,22.1,21.4,57.7
1982-08-25,28.0,24.4,22.0,0.0
1982-08-26,30.7,26.7,23.7,0.0
1982-08-27,32.7,28.2,25.0,0.0
1982-08-28,33.2,29.0,25.5,0.0
1982-08-29,34.2,29.6,26.2,0.0
1982-08-30,34.7,29.8,26.6,0.0
1982-08-31,33.5,28.7,25.6,4.6
1982-09-01,36.4,30.5,26.1,0.0
1982-09-02,35.4,30.7,27.9,0.0
1982-09-03,31.2,27.0,25.6,4.8
1982-09-04,32.9,28.0,24.6,0.0
1982-09-05,31.8,27.9,25.2,0.0
1982-09-06,28.4,24.9,23.7,2.3
1982-09-07,31.2,25.5,21.7,3.2
1982-09-08,27.5,22.5,21.4,1.4
1982-09-09,21.5,19.9,19.3,7.8
1982-09-10,19.9,19.3,18.7,18.4
1982-09-11,18.8,18.5,18.0,29.9
1982-09-12,20.0,18.8,17.8,15.7
1982-09-13,21.6,19.7,18.5,0.4
1982-09-14,23.1,20.6,19.0,0.0
1982-09-15,21.7,20.0,19.0,0.4
1982-09-16,21.7,19.9,18.8,3.6
1982-09-17,21.1,19.5,18.3,2.2
1982-09-18,21.3,20.0,19.0,7.9
1982-09-19,21.7,20.1,19.2,11.4
1982-09-20,25.2,21.4,18.2,0.0
1982-09-21,27.8,23.9,21.4,0.0
1982-09-22,27.2,23.7,21.8,0.1
1982-09-23,22.7,21.6,19.8,7.1
1982-09-24,25.6,22.5,20.7,0.0
1982-09-25,26.4,23.3,21.0,0.0
1982-09-26,23.0,16.8,15.4,1.3
1982-09-27,17.0,15.2,13.9,0.3
1982-09-28,18.7,16.6,15.5,0.8
1982-09-29,16.5,15.9,15.1,4.6
1982-09-30,18.7,16.6,15.7,2.6
1982-10-01,18.0,17.1,16.5,3.8
1982-10-02,20.8,18.6,16.9,1.9
1982-10-03,21.8,20.0,18.5,0.0
1982-10-04,20.7,19.2,17.7,20.1
1982-10-05,19.7,18.8,18.1,13.0
1982-10-06,22.2,20.1,18.6,0.3
1982-10-07,26.0,21.2,18.1,0.0
1982-10-08,27.3,21.9,17.8,0.0
1982-10-09,24.6,21.4,19.4,0.1
1982-10-10,22.3,20.0,18.5,10.5
1982-10-11,18.8,18.4,18.0,4.3
1982-10-12,20.3,18.9,18.0,19.5
1982-10-13,20.6,19.4,18.8,28.3
1982-10-14,24.7,21.3,18.8,0.4
1982-10-15,25.7,21.6,18.1,0.0
1982-10-16,23.1,21.4,20.5,0.5
1982-10-17,21.5,19.4,18.3,0.0
1982-10-18,23.6,20.4,17.8,0.0
1982-10-19,25.8,21.4,17.8,0.0
1982-10-20,23.0,20.0,19.3,22.2
1982-10-21,23.2,19.7,17.5,0.0
1982-10-22,21.1,18.2,17.1,2.1
1982-10-23,18.0,16.1,14.8,3.9
1982-10-24,17.1,16.0,15.4,0.4
1982-10-25,17.8,16.0,14.8,3.3
1982-10-26,16.8,16.0,15.2,0.4
1982-10-27,19.8,17.4,15.7,0.0
1982-10-28,20.3,18.3,17.2,0.0
1982-10-29,21.0,18.9,17.5,0.0
1982-10-30,20.4,18.8,18.0,0.1
1982-10-31,21.6,17.7,15.2,0.0
1982-11-01,18.0,16.1,15.4,0.0
1982-11-02,16.4,15.8,15.2,0.4
1982-11-03,17.0,14.7,13.0,0.3
1982-11-04,18.0,15.8,14.1,0.0
1982-11-05,18.8,16.5,15.0,0.0
1982-11-06,18.7,17.1,16.0,0.0
1982-11-07,19.9,17.7,15.8,0.4
1982-11-08,18.9,16.2,15.3,33.3
1982-11-09,18.3,14.4,11.3,0.3
1982-11-10,18.1,13.6,9.8,0.0
1982-11-11,17.4,14.6,12.2,0.1
1982-11-12,19.0,15.1,13.0,0.0
1982-11-13,16.3,14.9,13.9,0.0
1982-11-14,19.2,15.6,13.5,0.0
1982-11-15,16.3,13.8,11.2,3.1
1982-11-16,15.7,12.0,9.6,6.6
1982-11-17,14.4,12.6,10.6,0.0
1982-11-18,13.8,12.8,11.7,0.9
1982-11-19,14.3,13.2,12.6,0.2
1982-11-20,13.4,12.5,11.4,0.7
1982-11-21,13.3,12.0,11.4,1.2
1982-11-22,14.9,12.8,10.9,0.0
1982-11-23,13.2,12.2,11.6,0.0
1982-11-24,12.2,10.9,10.1,0.5
1982-11-25,10.7,9.5,8.7,0.4
1982-11-26,10.8,9.8,9.2,1.2
1982-11-27,10.7,9.9,9.2,8.6
1982-11-28,10.3,8.8,8.0,1.0
1982-11-29,13.2,9.4,6.7,0.0
1982-11-30,14.3,10.6,8.0,0.0
1982-12-01,12.0,10.2,9.7,0.0
1982-12-02,13.9,10.9,8.8,0.0
1982-12-03,15.0,12.1,10.4,0.0
1982-12-04,13.2,10.5,9.9,0.7
1982-12-05,10.3,8.3,7.4,14.4
1982-12-06,7.7,5.8,5.3,5.2
1982-12-07,6.7,6.0,5.5,0.0
1982-12-08,10.0,6.7,4.0,0.0
1982-12-09,9.7,8.2,7.3,0.0
1982-12-10,8.7,7.3,6.9,0.8
1982-12-11,9.4,7.6,6.7,0.4
1982-12-12,10.2,6.2,2.5,0.0
1982-12-13,11.8,7.6,4.9,0.0
1982-12-14,9.3,7.2,5.3,0.0
1982-12-15,8.2,6.8,6.3,0.0
1982-12-16,11.5,7.3,5.3,0.9
1982-12-17,12.9,8.7,5.5,0.0
1982-12-18,12.8,8.6,4.6,0.0
1982-12-19,12.3,8.5,4.9,0.0
1982-12-20,12.7,9.9,7.4,0.0
1982-12-21,12.8,8.6,5.3,0.0
1982-12-22,12.5,8.8,5.5,0.0
1982-12-23,9.8,7.4,4.7,0.0
1982-12-24,8.7,6.5,3.8,8.7
1982-12-25,3.9,1.2,0.1,14.1
1982-12-26,8.1,3.7,0.2,0.0
1982-12-27,8.4,4.3,0.8,0.0
1982-12-28,9.3,5.2,1.2,0.0
1982-12-29,10.2,6.0,3.3,0.0
1982-12-30,7.3,6.3,5.1,0.0
1982-12-31,8.1,7.0,6.0,0.0
1983-01-01,8.6,7.1,6.0,0.0
1983-01-02,9.7,7.9,6.3,0.0
1983-01-03,9.1,7.1,6.7,1.1
1983-01-04,8.4,6.8,6.3,3.4
1983-01-05,10.7,7.1,4.4,0.0
1983-01-06,8.3,6.4,4.9,0.0
1983-01-07,8.2,7.3,6.7,0.0
1983-01-08,8.8,7.0,5.7,0.1
1983-01-09,7.1,4.3,3.8,2.3
1983-01-10,4.6,3.2,2.7,2.2
1983-01-11,4.3,3.0,1.7,0.8
1983-01-12,4.8,3.5,2.2,0.0
1983-01-13,6.8,4.7,3.2,0.0
1983-01-14,6.6,4.8,3.7,0.0
1983-01-15,7.4,5.7,3.7,0.0
1983-01-16,7.0,5.9,5.0,0.0
1983-01-17,10.0,6.6,4.5,0.0
1983-01-18,7.2,5.6,4.1,0.0
1983-01-19,8.5,6.2,4.8,0.0
1983-01-20,6.2,4.9,3.7,0.9
1983-01-21,10.2,6.7,3.5,0.0
1983-01-22,11.8,7.1,3.6,0.0
1983-01-23,11.1,8.0,5.5,0.0
1983-01-24,12.0,7.5,3.5,0.0
1983-01-25,12.0,8.1,3.9,0.0
1983-01-26,14.3,10.3,7.5,0.0
1983-01-27,14.2,9.7,5.8,0.0
1983-01-28,13.7,9.2,6.1,0.0
1983-01-29,10.2,9.0,8.4,0.0
1983-01-30,9.4,8.4,8.0,17.6
1983-01-31,8.7,7.8,7.1,2.9
1983-02-01,8.2,7.2,6.4,4.5
1983-02-02,9.3,6.9,5.7,2.4
1983-02-03,11.6,7.7,5.3,0.0
1983-02-04,12.3,8.7,6.7,0.0
1983-02-05,13.3,9.3,5.8,0.0
1983-02-06,13.1,9.3,6.0,0.0
1983-02-07,11.0,8.7,7.2,5.2
1983-02-08,11.4,7.9,5.8,0.0
1983-02-09,10.0,8.1,6.5,0.0
1983-02-10,11.5,8.7,6.7,0.0
1983-02-11,14.7,10.6,7.3,0.4
1983-02-12,13.4,11.0,9.7,0.0
1983-02-13,15.6,11.6,8.8,0.0
1983-02-14,13.7,12.0,10.9,0.0
1983-02-15,11.8,10.8,10.2,0.0
1983-02-16,11.5,9.8,8.9,0.0
1983-02-17,16.0,10.6,6.7,0.0
1983-02-18,12.8,10.4,8.6,0.0
1983-02-19,11.0,9.2,8.1,3.9
1983-02-20,8.7,7.4,6.4,10.5
1983-02-21,9.8,6.4,4.5,0.0
1983-02-22,10.2,7.2,5.2,0.0
1983-02-23,9.2,7.9,7.3,0.0
1983-02-24,10.0,8.3,7.7,2.4
1983-02-25,13.6,9.9,7.5,0.0
1983-02-26,13.2,10.5,8.7,0.0
1983-02-27,11.0,9.2,8.5,0.0
1983-02-28,9.6,8.5,7.2,1.0
1983-03-01,12.4,8.9,7.5,3.6
1983-03-02,15.1,10.4,7.5,0.0
1983-03-03,12.8,10.8,9.3,2.0
1983-03-04,11.9,9.4,7.6,2.8
1983-03-05,10.4,9.1,8.0,0.0
1983-03-06,9.6,8.5,7.7,1.5
1983-03-07,11.2,9.0,7.2,2.4
1983-03-08,13.2,10.4,9.0,0.0
1983-03-09,13.0,10.8,8.9,0.0
1983-03-10,12.5,11.0,9.7,0.1
1983-03-11,14.8,12.0,10.4,0.0
1983-03-12,17.9,14.0,11.5,0.0
1983-03-13,16.5,13.7,12.2,0.1
1983-03-14,13.5,11.4,10.3,0.1
1983-03-15,15.0,11.4,9.3,1.5
1983-03-16,16.3,12.6,10.2,0.0
1983-03-17,15.2,11.8,9.2,0.0
1983-03-18,14.8,12.6,10.8,0.0
1983-03-19,15.0,13.2,11.7,0.0
1983-03-20,17.7,14.6,12.3,0.0
1983-03-21,17.2,15.6,14.2,0.0
1983-03-22,16.5,14.8,13.4,0.8
1983-03-23,13.7,10.8,8.8,0.1
1983-03-24,12.7,9.2,7.6,0.6
1983-03-25,15.9,11.2,8.0,0.5
1983-03-26,15.8,12.8,11.2,0.0
1983-03-27,14.7,12.0,10.8,0.0
1983-03-28,14.7,11.8,9.9,0.4
1983-03-29,12.8,10.9,9.7,5.4
1983-03-30,12.3,10.2,8.6,3.8
1983-03-31,17.2,13.0,9.8,0.0
1983-04-01,16.4,13.7,12.0,1.0
1983-04-02,21.9,15.9,12.0,0.0
1983-04-03,22.8,18.2,14.7,0.0
1983-04-04,24.2,19.3,15.8,2.4
1983-04-05,25.2,20.2,15.3,0.0
1983-04-06,23.4,19.7,16.7,0.1
1983-04-07,26.3,20.6,16.1,0.0
1983-04-08,25.7,21.9,17.8,8.5
1983-04-09,22.8,19.3,17.8,14.0
1983-04-10,24.2,20.1,17.6,7.7
1983-04-11,21.4,17.3,15.6,8.9
1983-04-12,22.0,17.3,14.2,5.3
1983-04-13,24.6,19.8,15.5,0.0
1983-04-14,23.0,20.0,18.3,0.0
1983-04-15,19.6,9.4,8.1,28.1
1983-04-16,15.0,10.7,7.6,4.3
1983-04-17,15.7,13.4,10.9,0.0
1983-04-18,20.1,16.1,13.3,0.0
1983-04-19,21.8,18.3,15.6,0.0
1983-04-20,20.7,18.3,17.1,0.0
1983-04-21,21.7,17.8,14.1,0.1
1983-04-22,20.5,17.8,16.2,0.9
1983-04-23,23.2,19.2,15.4,2.5
1983-04-24,26.0,21.3,17.6,0.0
1983-04-25,23.7,19.4,16.9,0.0
1983-04-26,22.3,18.6,15.6,0.0
1983-04-27,26.6,21.1,16.1,0.0
1983-04-28,26.0,22.3,20.0,0.0
1983-04-29,20.7,13.9,11.4,16.9
1983-04-30,17.0,14.0,12.1,0.0
1983-05-01,21.5,16.8,12.8,0.0
1983-05-02,19.6,17.3,15.9,0.1
1983-05-03,19.1,16.7,15.5,2.0
1983-05-04,20.2,18.3,16.4,1.9
1983-05-05,24.7,20.4,17.0,0.0
1983-05-06,28.4,23.0,17.8,0.0
1983-05-07,25.3,20.9,19.8,0.2
1983-05-08,21.6,18.3,16.4,15.5
1983-05-09,26.4,20.8,16.9,0.0
1983-05-10,29.2,24.0,19.4,0.0
1983-05-11,28.9,23.9,20.0,23.9
1983-05-12,32.2,27.1,22.3,0.0
1983-05-13,33.8,29.7,24.6,0.0
1983-05-14,30.8,23.3,20.0,2.3
1983-05-15,26.6,22.0,18.4,0.0
1983-05-16,28.2,23.5,18.5,0.0
1983-05-17,25.0,20.0,17.0,4.1
1983-05-18,27.8,23.0,18.3,0.0
1983-05-19,30.7,25.7,20.5,0.0
1983-05-20,31.9,27.8,24.2,0.0
1983-05-21,29.2,24.5,20.4,4.4
1983-05-22,24.2,20.6,17.4,3.7
1983-05-23,29.3,24.7,21.2,0.0
1983-05-24,26.4,22.8,21.7,2.9
1983-05-25,26.7,23.6,21.5,0.0
1983-05-26,24.1,20.2,17.9,0.3
1983-05-27,25.8,20.5,17.0,7.2
1983-05-28,29.5,24.2,20.1,0.0
1983-05-29,29.5,25.1,19.7,7.5
1983-05-30,32.5,26.6,21.8,0.0
1983-05-31,34.6,29.3,24.8,0.0
1983-06-01,31.5,25.3,23.0,15.4
1983-06-02,31.5,26.3,22.5,0.0
1983-06-03,33.5,28.6,24.4,0.0
1983-06-04,28.8,24.9,22.0,0.6
1983-06-05,22.0,17.5,16.1,6.3
1983-06-06,17.7,16.6,15.9,13.6
1983-06-07,20.2,17.6,15.9,5.7
1983-06-08,26.2,21.1,17.6,0.0
1983-06-09,25.5,22.9,20.8,0.0
1983-06-10,25.6,23.2,21.5,0.0
1983-06-11,24.3,22.6,22.0,0.0
1983-06-12,27.2,23.6,20.4,0.7
1983-06-13,28.0,24.3,21.7,0.0
1983-06-14,24.7,21.5,20.1,4.4
1983-06-15,28.5,23.9,20.7,0.0
1983-06-16,29.5,25.5,22.5,0.0
1983-06-17,32.3,26.8,22.9,0.0
1983-06-18,28.8,26.2,24.8,0.0
1983-06-19,27.9,25.2,23.2,4.0
1983-06-20,27.4,25.0,23.6,0.2
1983-06-21,26.3,24.6,23.6,0.1
1983-06-22,28.0,25.0,22.8,0.0
1983-06-23,31.2,27.2,24.2,0.0
1983-06-24,28.8,26.2,25.0,0.5
1983-06-25,27.7,24.5,22.9,2.8
1983-06-26,25.8,23.6,22.6,37.2
1983-06-27,26.9,23.9,22.2,5.3
1983-06-28,25.2,22.9,21.6,4.7
1983-06-29,28.5,24.2,21.9,0.3
1983-06-30,26.1,24.1,22.9,1.1
1983-07-01,30.7,25.6,21.7,3.2
1983-07-02,32.1,28.2,23.7,0.0
1983-07-03,30.5,25.9,23.6,0.0
1983-07-04,27.9,25.3,23.7,0.1
1983-07-05,26.8,24.8,23.6,6.7
1983-07-06,24.5,23.5,23.0,3.5
1983-07-07,24.2,23.1,22.4,28.5
1983-07-08,26.2,24.2,22.8,3.0
1983-07-09,27.5,25.1,23.1,23.8
1983-07-10,30.5,26.6,24.4,1.8
1983-07-11,28.2,26.2,24.3,50.9
1983-07-12,28.2,26.4,24.3,18.8
1983-07-13,29.1,26.4,24.9,5.7
1983-07-14,26.2,21.9,20.6,33.0
1983-07-15,28.1,23.3,20.3,0.2
1983-07-16,29.5,25.3,21.5,0.0
1983-07-17,31.6,27.1,22.9,0.0
1983-07-18,32.9,28.3,24.3,0.0
1983-07-19,33.0,28.0,23.3,0.0
1983-07-20,31.8,27.2,23.3,0.0
1983-07-21,30.2,27.6,25.5,0.0
1983-07-22,30.0,26.7,24.8,0.2
1983-07-23,32.6,27.1,22.7,0.0
1983-07-24,34.3,28.9,23.3,0.0
1983-07-25,36.0,30.9,25.7,0.0
1983-07-26,35.7,31.2,27.6,0.0
1983-07-27,36.8,31.2,26.2,0.0
1983-07-28,36.4,32.7,30.2,0.0
1983-07-29,34.2,31.6,28.6,0.0
1983-07-30,32.6,27.9,22.4,3.7
1983-07-31,24.7,22.5,21.2,57.4
1983-08-01,24.7,23.0,21.8,5.2
1983-08-02,25.1,22.5,20.5,3.2
1983-08-03,28.7,24.2,21.8,12.0
1983-08-04,32.6,27.8,23.7,0.0
1983-08-05,34.5,30.3,26.4,0.0
1983-08-06,33.7,28.7,25.1,0.0
1983-08-07,33.9,29.2,26.1,0.0
1983-08-08,29.8,27.2,25.8,0.0
1983-08-09,32.0,27.5,24.5,0.0
1983-08-10,33.7,28.2,25.3,2.1
1983-08-11,34.2,26.7,23.9,1.5
1983-08-12,32.9,25.7,22.3,1.1
1983-08-13,35.2,27.5,24.4,0.1
1983-08-14,33.7,28.1,24.1,0.0
1983-08-15,35.1,29.6,25.8,0.0
1983-08-16,35.9,30.5,26.7,0.0
1983-08-17,34.2,30.2,27.4,0.0
1983-08-18,34.6,29.3,26.5,0.0
1983-08-19,28.4,22.6,21.7,28.0
1983-08-20,25.2,23.4,21.9,2.3
1983-08-21,30.7,26.7,23.6,0.0
1983-08-22,28.0,22.4,20.3,73.9
1983-08-23,28.8,24.3,20.9,0.0
1983-08-24,30.1,26.4,22.8,0.0
1983-08-25,29.6,26.4,23.8,0.0
1983-08-26,32.3,26.7,22.7,0.0
1983-08-27,33.6,28.3,24.0,0.0
1983-08-28,34.7,29.7,25.5,0.0
1983-08-29,31.7,25.3,22.3,59.8
1983-08-30,32.9,27.8,24.3,0.0
1983-08-31,29.8,26.3,23.1,5.0
1983-09-01,27.7,24.0,21.8,7.5
1983-09-02,30.8,26.3,22.7,0.0
1983-09-03,32.3,27.4,23.3,0.0
1983-09-04,29.2,25.9,23.5,1.3
1983-09-05,29.0,25.0,22.6,12.8
1983-09-06,31.7,27.7,24.7,0.0
1983-09-07,30.3,26.2,24.1,7.3
1983-09-08,26.0,23.5,22.3,19.2
1983-09-09,26.0,23.5,22.3,0.0
1983-09-10,24.8,22.5,21.1,4.3
1983-09-11,28.9,23.7,20.4,0.0
1983-09-12,27.9,25.1,22.7,0.0
1983-09-13,24.8,21.1,19.6,11.7
1983-09-14,25.7,22.0,19.3,0.1
1983-09-15,27.5,24.2,22.0,0.0
1983-09-16,25.7,23.5,22.1,7.1
1983-09-17,26.8,24.3,22.8,0.1
1983-09-18,29.6,25.1,22.7,9.6
1983-09-19,25.7,22.1,19.4,27.9
1983-09-20,29.1,24.8,21.2,0.0
1983-09-21,27.0,23.2,21.4,0.0
1983-09-22,26.6,23.3,21.5,1.0
1983-09-23,24.0,21.7,21.0,1.8
1983-09-24,27.7,23.3,20.4,0.0
1983-09-25,25.0,23.0,21.8,11.3
1983-09-26,22.8,21.4,20.8,7.9
1983-09-27,21.2,18.3,17.5,2.6
1983-09-28,19.2,17.6,16.6,5.2
1983-09-29,24.4,19.7,16.3,0.0
1983-09-30,27.2,22.1,17.7,0.0
1983-10-01,29.4,24.3,19.7,0.0
1983-10-02,29.0,24.9,21.4,0.0
1983-10-03,30.8,26.0,23.4,0.0
1983-10-04,27.7,24.3,22.1,0.0
1983-10-05,25.6,23.7,22.6,0.0
1983-10-06,23.4,20.6,18.9,21.7
1983-10-07,24.3,20.2,17.5,17.6
1983-10-08,27.0,22.1,17.2,0.0
1983-10-09,28.8,23.6,18.5,0.0
1983-10-10,28.2,23.5,19.9,0.0
1983-10-11,24.7,20.5,18.8,2.5
1983-10-12,19.3,17.6,16.6,2.6
1983-10-13,16.5,14.6,14.0,9.2
1983-10-14,15.7,14.5,13.0,2.1
1983-10-15,16.3,15.5,14.7,0.1
1983-10-16,16.0,15.7,15.2,3.1
1983-10-17,17.2,16.4,15.6,3.2
1983-10-18,18.6,17.5,16.7,1.6
1983-10-19,18.2,17.5,16.7,0.8
1983-10-20,18.0,17.3,16.8,8.0
1983-10-21,17.3,16.9,16.7,8.2
1983-10-22,17.0,16.7,16.4,8.0
1983-10-23,17.0,16.2,15.6,9.1
1983-10-24,16.1,15.6,15.1,2.6
1983-10-25,15.6,13.8,13.0,7.7
1983-10-26,18.3,14.8,12.3,0.4
1983-10-27,20.5,16.8,14.0,0.0
1983-10-28,20.6,17.4,15.5,0.0
1983-10-29,19.0,17.4,16.2,0.0
1983-10-30,19.3,16.9,15.7,0.2
1983-10-31,21.1,17.2,14.4,0.0
1983-11-01,22.2,17.2,12.6,0.0
1983-11-02,19.6,17.0,16.2,0.5
1983-11-03,17.8,16.2,15.5,8.0
1983-11-04,21.1,16.1,12.1,0.0
1983-11-05,18.2,16.5,16.1,1.3
1983-11-06,19.2,17.0,15.2,3.0
1983-11-07,18.6,17.3,16.7,0.1
1983-11-08,17.4,17.1,16.8,2.1
1983-11-09,17.4,16.8,16.4,3.5
1983-11-10,16.3,15.3,14.7,5.9
1983-11-11,15.3,14.7,14.4,4.5
1983-11-12,14.4,12.5,11.8,10.7
1983-11-13,16.4,13.9,12.3,0.3
1983-11-14,16.9,13.8,12.4,0.0
1983-11-15,18.2,14.3,10.6,0.0
1983-11-16,18.7,15.1,12.6,0.0
1983-11-17,19.3,15.6,12.8,0.0
1983-11-18,17.8,15.4,13.4,0.0
1983-11-19,16.8,14.5,13.6,0.2
1983-11-20,13.9,13.7,13.3,9.2
1983-11-21,18.0,14.6,12.8,0.0
1983-11-22,17.5,13.3,9.2,0.0
1983-11-23,17.1,14.5,11.9,0.0
1983-11-24,16.3,14.7,13.4,0.3
1983-11-25,15.0,13.4,12.2,2.6
1983-11-26,17.3,14.1,12.3,0.0
1983-11-27,17.8,14.7,12.9,0.0
1983-11-28,16.1,12.9,10.2,0.0
1983-11-29,15.3,12.7,10.4,0.0
1983-11-30,14.0,12.7,11.8,0.0
1983-12-01,16.1,12.9,10.8,0.0
1983-12-02,14.9,13.0,11.2,0.0
1983-12-03,14.7,12.3,10.5,0.0
1983-12-04,16.4,13.4,11.1,0.0
1983-12-05,15.0,13.4,12.8,0.0
1983-12-06,14.6,13.1,11.5,0.0
1983-12-07,13.7,12.5,11.8,6.6
1983-12-08,13.1,12.4,11.8,0.0
1983-12-09,14.8,12.5,11.4,0.0
1983-12-10,13.9,12.7,11.9,0.0
1983-12-11,12.5,11.7,11.1,2.1
1983-12-12,11.8,11.1,10.2,0.0
1983-12-13,12.0,11.0,10.2,0.0
1983-12-14,15.4,12.2,9.6,0.0
1983-12-15,12.8,11.5,10.9,0.0
1983-12-16,11.6,10.6,10.0,2.5
1983-12-17,10.8,10.1,9.3,4.1
1983-12-18,9.4,8.7,8.0,0.0
1983-12-19,11.5,8.7,6.9,0.0
1983-12-20,9.2,8.5,7.6,0.1
1983-12-21,8.7,8.2,7.6,0.1
1983-12-22,8.2,5.7,4.8,6.5
1983-12-23,5.8,4.9,3.7,3.7
1983-12-24,7.4,5.9,4.7,0.5
1983-12-25,7.8,6.2,5.1,0.2
1983-12-26,6.7,5.8,5.2,0.3
1983-12-27,8.0,5.7,4.6,0.3
1983-12-28,6.0,4.3,2.7,4.1
1983-12-29,6.8,4.3,2.8,0.1
1983-12-30,6.4,4.7,3.4,0.0
1983-12-31,8.5,4.7,1.6,0.0
1984-01-01,6.8,4.4,1.7,0.0
1984-01-02,5.7,3.9,2.2,0.0
1984-01-03,7.0,5.7,4.3,0.0
1984-01-04,10.4,7.0,4.9,0.0
1984-01-05,7.7,6.0,5.2,0.0
1984-01-06,9.6,6.6,4.9,0.0
1984-01-07,9.7,6.7,3.5,0.0
1984-01-08,11.3,6.3,1.4,0.0
1984-01-09,10.6,6.3,3.2,0.0
1984-01-10,11.4,7.1,3.5,0.0
1984-01-11,9.2,7.5,6.9,0.0
1984-01-12,12.2,8.7,6.8,0.0
1984-01-13,13.1,8.7,5.1,0.0
1984-01-14,10.2,8.5,7.3,0.0
1984-01-15,9.1,6.3,4.9,2.8
1984-01-16,8.7,6.8,5.2,0.5
1984-01-17,7.6,5.8,4.5,0.1
1984-01-18,4.7,3.6,2.7,4.5
1984-01-19,3.7,2.8,1.8,5.7
1984-01-20,3.9,2.9,1.9,0.8
1984-01-21,6.3,4.0,2.6,1.2
1984-01-22,4.2,3.4,3.1,0.9
1984-01-23,4.9,3.5,2.2,1.4
1984-01-24,4.9,3.9,3.4,0.0
1984-01-25,6.7,4.9,3.6,0.2
1984-01-26,5.3,4.4,3.6,0.0
1984-01-27,6.3,3.6,1.2,0.0
1984-01-28,6.3,4.2,2.6,0.0
1984-01-29,6.6,4.6,3.0,0.0
1984-01-30,5.7,4.4,3.4,0.0
1984-01-31,7.8,4.9,2.4,0.0
1984-02-01,6.1,4.5,2.5,0.0
1984-02-02,6.3,5.1,4.0,0.0
1984-02-03,6.6,5.6,4.6,0.0
1984-02-04,6.6,5.0,4.0,0.0
1984-02-05,5.6,5.0,4.5,0.1
1984-02-06,6.1,5.3,4.5,0.5
1984-02-07,9.1,5.6,3.6,0.0
1984-02-08,7.6,6.0,4.6,0.0
1984-02-09,7.0,4.8,3.1,0.3
1984-02-10,8.5,4.9,2.6,0.0
1984-02-11,8.6,6.4,4.9,0.0
1984-02-12,10.2,6.8,4.1,0.0
1984-02-13,10.3,7.4,6.0,0.0
1984-02-14,12.9,8.9,5.8,0.0
1984-02-15,14.6,10.6,7.3,0.0
1984-02-16,13.5,10.9,9.1,0.0
1984-02-17,12.2,9.4,7.4,0.0
1984-02-18,9.5,8.0,7.0,0.0
1984-02-19,11.0,8.1,6.9,0.0
1984-02-20,10.8,8.7,7.2,0.0
1984-02-21,12.6,10.2,8.2,0.0
1984-02-22,11.2,8.1,6.4,0.4
1984-02-23,7.6,6.6,5.7,4.5
1984-02-24,8.9,7.6,6.4,0.4
1984-02-25,8.4,7.1,6.5,0.2
1984-02-26,8.6,6.8,5.8,0.0
1984-02-27,9.1,7.6,6.4,0.0
1984-02-28,11.5,8.5,7.2,0.2
1984-02-29,7.9,6.6,6.0,3.8
1984-03-01,12.1,7.5,5.4,0.6
1984-03-02,10.6,7.7,5.5,0.0
1984-03-03,14.7,9.9,6.4,0.0
1984-03-04,14.6,11.7,10.0,0.0
1984-03-05,11.6,9.7,8.7,2.3
1984-03-06,10.3,9.3,8.4,5.9
1984-03-07,11.8,10.0,8.7,1.2
1984-03-08,11.0,9.7,8.9,2.3
1984-03-09,11.1,9.9,8.9,1.5
1984-03-10,13.3,10.8,9.2,1.2
1984-03-11,17.0,13.2,10.5,0.0
1984-03-12,16.8,14.2,12.1,0.0
1984-03-13,18.1,14.4,12.3,1.1
1984-03-14,20.1,16.3,13.6,0.0
1984-03-15,22.9,17.5,13.3,0.0
1984-03-16,21.7,18.1,15.9,0.0
1984-03-17,23.7,18.2,14.7,0.0
1984-03-18,24.7,19.7,16.3,0.0
1984-03-19,20.3,14.1,12.3,8.1
1984-03-20,14.2,12.4,10.8,8.8
1984-03-21,13.6,12.4,11.2,0.0
1984-03-22,18.4,13.4,9.8,0.0
1984-03-23,16.5,14.0,12.0,0.0
1984-03-24,15.6,13.9,12.8,0.0
1984-03-25,13.6,12.2,11.4,0.0
1984-03-26,14.5,12.8,10.9,0.3
1984-03-27,14.9,12.7,12.0,0.0
1984-03-28,18.8,14.5,11.9,0.8
1984-03-29,23.1,17.1,11.8,0.0
1984-03-30,22.9,18.1,14.8,0.0
1984-03-31,21.9,18.4,16.8,0.0
1984-04-01,25.1,19.7,15.5,0.0
1984-04-02,22.7,18.4,17.3,0.0
1984-04-03,19.7,17.7,16.0,0.0
1984-04-04,18.8,15.5,14.5,0.7
1984-04-05,16.8,14.7,13.9,5.9
1984-04-06,15.3,13.5,12.5,7.3
1984-04-07,16.7,14.7,13.3,0.1
1984-04-08,20.0,16.2,14.0,0.0
1984-04-09,21.1,17.5,15.4,0.0
1984-04-10,22.8,19.3,16.7,0.0
1984-04-11,23.0,18.8,17.3,0.0
1984-04-12,23.8,18.9,16.1,0.0
1984-04-13,23.5,19.8,17.4,0.3
1984-04-14,26.9,21.6,17.4,0.0
1984-04-15,31.1,24.3,18.0,0.0
1984-04-16,29.8,24.7,21.1,0.0
1984-04-17,21.7,19.1,17.1,0.0
1984-04-18,20.7,16.7,13.4,22.8
1984-04-19,24.2,19.6,17.0,0.0
1984-04-20,22.7,19.3,16.5,1.4
1984-04-21,20.8,17.4,15.6,22.0
1984-04-22,16.5,14.7,13.5,4.3
1984-04-23,17.0,15.7,14.8,0.0
1984-04-24,21.7,17.2,14.2,10.8
1984-04-25,26.9,20.8,16.0,0.0
1984-04-26,23.7,19.4,17.2,14.0
1984-04-27,21.8,18.8,16.8,0.0
1984-04-28,25.4,21.3,17.9,0.0
1984-04-29,27.1,22.0,18.3,0.0
1984-04-30,28.7,23.8,19.6,0.0
1984-05-01,28.5,24.9,22.4,0.0
1984-05-02,24.8,19.8,16.4,25.1
1984-05-03,18.5,16.0,14.4,4.4
1984-05-04,22.5,18.2,14.1,1.0
1984-05-05,26.1,20.6,15.9,0.0
1984-05-06,25.4,20.7,17.2,0.0
1984-05-07,27.3,21.8,16.5,0.0
1984-05-08,30.7,25.3,19.6,0.0
1984-05-09,32.0,27.2,22.5,0.0
1984-05-10,34.2,28.9,24.9,0.0
1984-05-11,31.7,27.9,25.6,0.0
1984-05-12,25.6,20.6,19.7,64.8
1984-05-13,20.8,19.4,18.7,6.5
1984-05-14,19.9,18.2,17.4,1.4
1984-05-15,22.6,19.2,17.6,1.4
1984-05-16,20.2,18.2,17.3,7.5
1984-05-17,21.3,18.2,16.6,2.2
1984-05-18,21.2,19.4,17.4,0.0
1984-05-19,23.5,20.5,18.7,0.2
1984-05-20,25.7,21.7,19.2,0.1
1984-05-21,23.3,20.3,19.6,9.6
1984-05-22,20.2,18.5,16.4,8.1
1984-05-23,17.6,16.7,15.9,22.6
1984-05-24,22.7,18.5,16.0,1.3
1984-05-25,22.6,20.3,18.1,0.0
1984-05-26,28.0,23.2,19.2,0.0
1984-05-27,27.8,24.4,21.4,0.1
1984-05-28,29.5,25.2,22.5,0.0
1984-05-29,30.2,26.3,23.2,0.0
1984-05-30,27.5,25.3,23.9,2.3
1984-05-31,24.0,19.7,19.0,36.2
1984-06-01,25.2,21.8,19.2,0.3
1984-06-02,30.4,24.5,19.5,0.0
1984-06-03,33.2,27.8,22.9,0.0
1984-06-04,35.1,29.8,24.3,0.0
1984-06-05,37.0,31.9,27.2,0.0
1984-06-06,32.9,23.0,19.7,27.8
1984-06-07,26.9,22.8,20.1,0.0
1984-06-08,24.8,21.9,20.5,20.1
1984-06-09,25.4,22.8,20.4,0.0
1984-06-10,29.3,25.0,21.6,0.0
1984-06-11,30.0,25.6,21.9,0.0
1984-06-12,32.6,28.3,25.2,0.0
1984-06-13,28.6,26.2,24.8,1.3
1984-06-14,27.0,25.1,23.1,0.8
1984-06-15,29.9,24.8,21.8,0.9
1984-06-16,28.7,25.5,22.8,0.0
1984-06-17,29.0,24.8,20.7,1.6
1984-06-18,31.0,26.3,21.8,0.0
1984-06-19,32.4,28.6,25.2,0.0
1984-06-20,33.9,29.3,25.5,0.0
1984-06-21,34.8,28.9,23.5,0.0
1984-06-22,35.7,29.6,24.6,0.0
1984-06-23,35.9,31.2,28.3,0.0
1984-06-24,32.1,25.6,22.9,43.8
1984-06-25,23.0,21.1,19.8,51.3
1984-06-26,24.5,21.7,21.0,7.0
1984-06-27,25.3,23.2,21.8,1.5
1984-06-28,30.2,26.3,22.8,0.0
1984-06-29,32.3,27.2,25.1,0.0
1984-06-30,34.6,28.7,24.5,0.0
1984-07-01,35.5,30.9,27.5,0.0
1984-07-02,32.4,26.0,22.9,9.0
1984-07-03,26.6,23.3,20.9,0.3
1984-07-04,31.6,26.8,23.4,0.0
1984-07-05,33.9,28.9,25.0,0.0
1984-07-06,30.4,22.6,21.0,9.3
1984-07-07,25.8,22.9,20.4,5.4
1984-07-08,27.3,24.6,22.7,0.1
1984-07-09,30.1,26.1,23.1,1.0
1984-07-10,33.9,28.5,24.5,0.0
1984-07-11,34.9,30.5,25.9,0.0
1984-07-12,35.9,31.5,27.6,0.0
1984-07-13,32.3,28.6,26.1,0.0
1984-07-14,28.3,23.9,22.3,0.4
1984-07-15,30.1,25.3,22.4,0.0
1984-07-16,36.1,29.1,23.8,0.0
1984-07-17,37.0,31.9,27.4,0.0
1984-07-18,34.7,30.2,24.1,15.1
1984-07-19,28.4,25.6,24.5,13.4
1984-07-20,30.3,26.4,23.9,2.8
1984-07-21,33.5,28.2,24.9,0.0
1984-07-22,32.1,29.6,26.7,0.0
1984-07-23,29.4,25.9,24.3,12.9
1984-07-24,33.5,28.0,23.9,19.0
1984-07-25,27.8,25.1,23.4,57.2
1984-07-26,31.1,26.2,22.7,7.1
1984-07-27,33.1,28.2,23.7,0.0
1984-07-28,35.0,29.9,26.0,0.0
1984-07-29,35.5,31.0,26.3,0.0
1984-07-30,33.7,27.9,24.2,0.0
1984-07-31,35.6,30.9,26.4,0.0
1984-08-01,36.9,32.4,27.3,0.0
1984-08-02,36.8,32.7,28.1,0.0
1984-08-03,38.4,33.5,28.5,0.0
1984-08-04,34.8,25.1,22.7,0.8
1984-08-05,25.7,24.0,23.2,17.2
1984-08-06,26.8,24.1,22.5,20.6
1984-08-07,32.1,27.3,23.4,0.0
1984-08-08,34.1,29.6,25.6,0.0
1984-08-09,35.6,30.4,25.5,0.0
1984-08-10,35.5,30.8,27.5,0.0
1984-08-11,33.1,27.2,24.1,4.0
1984-08-12,31.3,26.8,23.9,31.5
1984-08-13,33.2,27.9,25.1,2.1
1984-08-14,29.6,23.6,21.2,17.2
1984-08-15,30.2,25.5,21.1,3.2
1984-08-16,31.8,26.7,22.4,0.0
1984-08-17,32.3,27.4,22.9,0.0
1984-08-18,31.6,27.6,23.8,0.0
1984-08-19,29.7,25.3,21.2,0.0
1984-08-20,27.9,24.7,23.0,0.0
1984-08-21,31.2,26.0,21.8,0.0
1984-08-22,32.9,28.6,24.1,3.9
1984-08-23,34.7,29.9,26.0,0.0
1984-08-24,36.1,31.4,27.1,0.0
1984-08-25,32.4,27.7,23.2,13.3
1984-08-26,33.7,27.8,24.8,12.5
1984-08-27,33.6,28.5,25.8,0.0
1984-08-28,28.2,25.3,23.7,0.9
1984-08-29,26.1,24.5,23.2,22.0
1984-08-30,28.7,24.3,22.3,2.6
1984-08-31,23.8,22.9,21.9,2.2
1984-09-01,29.3,24.0,20.6,0.0
1984-09-02,31.2,25.8,21.2,0.0
1984-09-03,32.5,27.2,23.2,0.0
1984-09-04,33.4,29.0,25.1,0.0
1984-09-05,32.6,28.0,25.5,0.0
1984-09-06,27.7,24.0,22.3,0.0
1984-09-07,31.6,26.1,22.7,0.0
1984-09-08,33.7,28.5,24.6,0.0
1984-09-09,31.6,27.0,24.7,0.0
1984-09-10,26.5,21.8,21.0,2.1
1984-09-11,21.1,19.0,17.8,2.4
1984-09-12,20.5,17.9,16.7,9.2
1984-09-13,22.4,19.2,16.1,0.0
1984-09-14,27.9,22.6,18.6,0.0
1984-09-15,27.8,22.8,19.8,0.6
1984-09-16,22.0,20.8,20.2,1.4
1984-09-17,26.4,21.7,19.3,0.0
1984-09-18,27.0,23.3,20.8,0.0
1984-09-19,25.0,22.4,18.9,23.3
1984-09-20,24.1,22.3,20.7,0.0
1984-09-21,24.9,23.0,21.4,0.3
1984-09-22,25.0,23.1,21.5,0.0
1984-09-23,29.0,24.4,22.2,0.0
1984-09-24,24.4,19.8,18.3,10.8
1984-09-25,21.5,18.9,17.8,2.1
1984-09-26,20.2,18.7,17.9,9.8
1984-09-27,19.7,18.8,17.8,2.7
1984-09-28,20.6,19.0,18.7,15.1
1984-09-29,22.6,19.8,18.3,0.5
1984-09-30,22.4,19.7,18.4,0.7
1984-10-01,23.2,21.0,19.6,0.0
1984-10-02,21.8,20.6,19.5,2.0
1984-10-03,19.7,14.8,13.5,15.1
1984-10-04,14.6,13.8,12.8,11.6
1984-10-05,16.8,14.8,13.3,4.3
1984-10-06,18.3,15.5,13.0,0.3
1984-10-07,20.8,17.6,15.8,0.0
1984-10-08,19.9,18.2,16.9,0.0
1984-10-09,21.8,18.5,16.6,0.0
1984-10-10,21.3,19.1,16.8,0.0
1984-10-11,20.6,18.2,17.0,14.7
1984-10-12,17.7,14.4,12.8,1.3
1984-10-13,18.7,15.6,13.5,0.1
1984-10-14,17.5,16.7,16.0,0.0
1984-10-15,17.2,15.9,15.2,6.9
1984-10-16,15.5,15.0,14.5,12.5
1984-10-17,16.5,14.8,14.2,2.7
1984-10-18,19.8,15.7,12.6,0.0
1984-10-19,20.0,17.4,15.4,0.0
1984-10-20,24.0,19.0,15.6,0.0
1984-10-21,23.7,20.1,17.4,0.0
1984-10-22,23.1,19.2,16.1,0.0
1984-10-23,25.0,19.2,14.4,0.0
1984-10-24,26.2,20.5,15.7,0.0
1984-10-25,27.9,22.4,17.9,0.0
1984-10-26,25.0,21.1,16.9,0.0
1984-10-27,25.1,20.3,16.9,0.0
1984-10-28,25.0,20.4,17.1,0.0
1984-10-29,23.0,20.0,17.9,0.0
1984-10-30,20.2,17.4,16.3,0.0
1984-10-31,17.5,15.3,13.8,1.0
1984-11-01,14.2,12.8,12.4,3.8
1984-11-02,17.2,13.8,11.7,0.6
1984-11-03,18.9,13.7,10.2,0.0
1984-11-04,18.2,15.2,12.6,0.0
1984-11-05,20.4,17.0,15.0,0.0
1984-11-06,19.3,16.8,15.5,4.9
1984-11-07,19.8,16.6,14.8,0.0
1984-11-08,18.8,17.1,16.1,0.0
1984-11-09,20.2,18.1,16.5,0.0
1984-11-10,21.1,19.0,17.6,0.0
1984-11-11,21.7,18.6,16.6,0.0
1984-11-12,18.7,15.4,14.7,1.9
1984-11-13,15.1,14.1,13.3,1.9
1984-11-14,18.3,14.7,12.4,2.2
1984-11-15,19.0,15.0,11.6,0.0
1984-11-16,17.8,16.5,15.0,0.0
1984-11-17,20.4,16.0,12.6,0.0
1984-11-18,20.7,17.7,15.9,0.0
1984-11-19,17.7,15.9,15.2,3.1
1984-11-20,16.8,15.0,13.8,0.0
1984-11-21,15.2,13.4,11.5,0.5
1984-11-22,15.8,13.8,12.2,0.0
1984-11-23,16.4,14.5,12.7,0.0
1984-11-24,15.3,14.3,13.6,0.0
1984-11-25,14.4,13.5,12.7,0.0
1984-11-26,13.3,10.7,8.8,3.3
1984-11-27,8.9,7.6,7.3,9.7
1984-11-28,12.2,8.6,6.2,0.1
1984-11-29,13.2,10.6,8.5,0.0
1984-11-30,13.8,11.3,10.1,0.0
1984-12-01,14.7,10.3,6.1,0.0
1984-12-02,15.2,10.6,5.7,0.0
1984-12-03,13.7,11.3,9.3,0.0
1984-12-04,12.7,9.2,7.1,6.1
1984-12-05,12.4,8.5,6.3,2.5
1984-12-06,10.5,9.0,7.5,0.0
1984-12-07,10.2,9.2,8.5,0.4
1984-12-08,10.0,9.2,8.8,3.3
1984-12-09,13.0,10.2,8.2,0.0
1984-12-10,11.5,10.8,10.1,0.0
1984-12-11,11.1,10.6,10.2,0.0
1984-12-12,11.6,10.5,9.6,0.1
1984-12-13,11.1,9.6,8.8,0.9
1984-12-14,11.0,9.4,8.7,0.8
1984-12-15,10.2,8.7,8.1,0.4
1984-12-16,8.7,7.9,7.4,2.3
1984-12-17,8.4,7.1,6.0,2.5
1984-12-18,6.2,2.3,1.1,7.3
1984-12-19,3.5,2.3,1.4,1.3
1984-12-20,4.6,3.4,2.4,0.0
1984-12-21,4.8,4.0,3.6,0.3
1984-12-22,6.3,4.7,3.7,0.1
1984-12-23,7.5,5.1,3.4,0.0
1984-12-24,6.6,3.9,1.9,0.0
1984-12-25,6.4,4.8,3.6,0.0
1984-12-26,6.2,5.2,3.8,0.0
1984-12-27,7.3,5.4,4.4,0.0
1984-12-28,7.5,5.1,3.6,0.0
1984-12-29,5.1,4.4,3.0,0.0
1984-12-30,8.5,5.5,2.9,0.0
1984-12-31,7.5,6.3,5.3,0.0
1985-01-01,7.2,6.1,5.3,0.0
1985-01-02,6.9,6.0,5.4,0.0
1985-01-03,6.4,5.6,5.1,1.0
1985-01-04,6.5,5.5,4.2,1.2
1985-01-05,6.7,5.9,5.2,0.0
1985-01-06,7.3,6.2,5.3,0.0
1985-01-07,7.3,5.5,5.1,2.1
1985-01-08,5.6,5.0,4.5,0.3
1985-01-09,5.1,4.6,4.3,2.5
1985-01-10,7.6,5.0,3.1,0.0
1985-01-11,6.6,5.0,4.4,0.0
1985-01-12,6.0,4.9,4.3,1.2
1985-01-13,6.6,5.5,4.8,0.0
1985-01-14,6.7,5.6,4.6,0.0
1985-01-15,7.4,6.0,5.3,0.0
1985-01-16,7.6,5.7,3.4,0.0
1985-01-17,12.9,8.2,5.0,0.0
1985-01-18,13.4,8.6,4.8,0.0
1985-01-19,13.3,9.0,4.8,0.0
1985-01-20,11.5,9.3,7.6,0.0
1985-01-21,12.9,10.1,8.8,0.0
1985-01-22,15.3,11.7,9.4,0.0
1985-01-23,13.0,10.8,9.7,0.4
1985-01-24,11.2,9.2,8.6,1.2
1985-01-25,10.2,8.6,7.9,0.0
1985-01-26,11.6,8.9,7.0,0.0
1985-01-27,10.3,8.9,8.4,1.4
1985-01-28,8.6,5.0,4.2,7.6
1985-01-29,10.6,6.7,4.6,0.0
1985-01-30,10.9,8.3,5.6,0.0
1985-01-31,11.7,9.5,8.1,0.0
1985-02-01,13.9,9.8,7.1,0.0
1985-02-02,14.2,10.1,7.0,0.0
1985-02-03,12.7,10.3,9.4,0.0
1985-02-04,14.3,9.4,5.4,0.0
1985-02-05,13.9,11.9,10.2,0.0
1985-02-06,13.5,11.3,9.4,0.0
1985-02-07,12.1,9.5,8.8,6.9
1985-02-08,10.6,9.2,8.6,4.0
1985-02-09,11.2,9.4,8.0,0.0
1985-02-10,11.3,9.7,8.1,0.1
1985-02-11,12.2,10.2,9.2,0.0
1985-02-12,12.6,9.8,8.3,0.0
1985-02-13,16.5,11.2,6.1,0.0
1985-02-14,15.8,13.2,11.6,0.0
1985-02-15,14.2,11.6,11.2,0.4
1985-02-16,12.1,10.8,9.5,0.4
1985-02-17,9.7,7.3,5.6,2.6
1985-02-18,8.5,6.0,4.5,0.7
1985-02-19,7.2,5.8,4.2,0.8
1985-02-20,7.4,6.8,5.8,0.0
1985-02-21,7.4,6.0,5.1,0.6
1985-02-22,7.1,5.6,4.6,0.1
1985-02-23,8.3,6.2,4.2,0.0
1985-02-24,8.1,7.1,6.7,0.0
1985-02-25,7.1,5.8,5.5,0.9
1985-02-26,8.3,6.5,5.7,0.2
1985-02-27,10.1,7.4,5.5,0.6
1985-02-28,12.9,8.8,6.2,0.0
1985-03-01,11.2,9.5,8.6,0.0
1985-03-02,11.2,9.4,7.8,0.1
1985-03-03,10.2,8.6,8.3,0.6
1985-03-04,9.2,8.3,7.5,4.5
1985-03-05,15.7,10.4,7.2,0.0
1985-03-06,12.7,10.8,9.9,0.6
1985-03-07,14.2,11.0,9.5,2.1
1985-03-08,12.1,7.3,5.3,5.4
1985-03-09,7.6,5.1,2.7,8.2
1985-03-10,7.7,6.9,6.4,0.2
1985-03-11,7.6,6.6,5.8,3.7
1985-03-12,9.5,7.5,6.1,0.0
1985-03-13,8.8,7.7,6.7,0.3
1985-03-14,9.4,8.1,5.7,3.4
1985-03-15,9.7,7.8,5.5,0.0
1985-03-16,10.9,7.3,5.4,1.5
1985-03-17,9.6,8.5,7.6,0.0
1985-03-18,11.8,8.8,7.1,1.2
1985-03-19,9.4,8.2,7.8,2.2
1985-03-20,8.9,7.9,7.7,2.3
1985-03-21,13.5,9.5,7.7,5.7
1985-03-22,18.2,12.9,8.5,0.0
1985-03-23,18.3,14.8,12.7,0.0
1985-03-24,15.8,14.0,13.2,0.0
1985-03-25,15.6,13.4,11.8,0.0
1985-03-26,16.4,13.7,12.5,0.5
1985-03-27,21.3,16.0,12.1,0.0
1985-03-28,19.4,15.5,12.0,0.4
1985-03-29,12.2,9.7,9.2,27.1
1985-03-30,10.9,9.1,7.6,12.6
1985-03-31,10.7,9.4,8.8,1.8
1985-04-01,13.7,10.2,7.8,0.4
1985-04-02,16.1,12.5,10.1,0.0
1985-04-03,20.8,14.8,10.0,0.0
1985-04-04,20.5,16.9,14.2,0.0
1985-04-05,17.7,14.8,13.8,0.8
1985-04-06,19.8,16.4,14.5,0.6
1985-04-07,23.7,18.3,14.4,0.0
1985-04-08,23.7,19.8,17.4,0.0
1985-04-09,21.3,18.4,16.9,13.9
1985-04-10,21.7,18.3,16.3,1.2
1985-04-11,17.7,15.0,13.2,6.2
1985-04-12,15.6,13.6,12.0,6.4
1985-04-13,17.4,14.7,12.7,0.0
1985-04-14,20.2,15.8,13.2,3.9
1985-04-15,22.4,17.8,14.8,7.3
1985-04-16,26.3,20.5,15.2,0.0
1985-04-17,23.8,18.7,17.0,8.7
1985-04-18,20.7,17.4,15.4,0.0
1985-04-19,25.2,19.5,14.6,0.0
1985-04-20,29.6,23.3,17.6,0.0
1985-04-21,26.8,22.2,17.9,0.0
1985-04-22,24.8,20.0,17.0,0.0
1985-04-23,27.3,22.2,18.5,0.0
1985-04-24,29.6,23.8,22.3,0.1
1985-04-25,23.1,14.9,12.4,24.0
1985-04-26,19.3,15.1,12.2,0.1
1985-04-27,24.2,18.1,13.1,0.0
1985-04-28,25.4,20.7,15.5,0.0
1985-04-29,28.6,23.3,18.4,0.0
1985-04-30,30.3,25.3,20.8,0.0
1985-05-01,31.6,26.8,22.6,0.0
1985-05-02,30.1,23.7,18.9,27.7
1985-05-03,28.8,24.4,20.6,41.7
1985-05-04,30.9,25.7,21.4,22.2
1985-05-05,24.7,18.0,15.3,34.8
1985-05-06,24.4,19.6,16.4,1.6
1985-05-07,26.0,21.2,17.5,0.0
1985-05-08,26.2,22.2,19.6,4.5
1985-05-09,30.3,24.6,19.9,0.0
1985-05-10,33.6,28.0,23.8,0.0
1985-05-11,36.1,30.7,26.3,0.0
1985-05-12,32.6,28.1,25.3,0.2
1985-05-13,34.8,29.1,24.9,0.0
1985-05-14,31.1,24.4,20.6,23.6
1985-05-15,29.1,24.9,22.0,0.0
1985-05-16,24.9,22.4,21.4,0.0
1985-05-17,22.6,19.9,18.8,1.8
1985-05-18,23.1,20.2,18.7,5.6
1985-05-19,28.0,22.8,20.5,1.2
1985-05-20,23.4,21.1,19.9,0.0
1985-05-21,26.5,22.0,19.3,0.6
1985-05-22,28.4,23.4,19.4,0.0
1985-05-23,29.7,25.3,21.5,0.0
1985-05-24,31.1,26.6,22.2,0.0
1985-05-25,29.8,26.1,23.8,0.0
1985-05-26,29.3,25.9,23.2,0.0
1985-05-27,27.5,23.3,21.1,21.8
1985-05-28,23.6,20.7,18.8,0.8
1985-05-29,21.7,20.5,19.5,3.9
1985-05-30,23.7,21.3,19.2,2.9
1985-05-31,26.6,22.7,20.0,1.5
1985-06-01,25.2,22.8,20.8,0.0
1985-06-02,23.7,19.4,18.3,27.1
1985-06-03,21.4,19.6,18.4,9.2
1985-06-04,22.4,20.7,19.4,1.6
1985-06-05,22.0,20.0,19.4,2.6
1985-06-06,25.6,21.9,19.4,10.3
1985-06-07,29.5,24.6,19.7,0.0
1985-06-08,32.3,27.1,22.7,0.0
1985-06-09,29.7,20.8,18.0,19.8
1985-06-10,22.3,19.8,18.3,2.0
1985-06-11,22.8,21.1,20.2,0.7
1985-06-12,25.0,21.5,19.4,18.1
1985-06-13,28.4,24.1,20.3,0.0
1985-06-14,26.1,23.9,22.7,0.7
1985-06-15,26.6,22.8,19.4,0.0
1985-06-16,26.2,23.3,21.5,0.1
1985-06-17,27.2,23.4,19.7,0.1
1985-06-18,30.6,25.6,21.4,0.0
1985-06-19,31.8,27.6,24.6,0.0
1985-06-20,27.5,23.7,21.7,3.9
1985-06-21,24.6,23.0,21.8,10.0
1985-06-22,30.4,26.1,22.9,0.0
1985-06-23,28.6,25.6,23.5,8.9
1985-06-24,24.2,23.1,22.5,13.7
1985-06-25,25.8,24.0,22.5,1.9
1985-06-26,28.3,25.5,23.6,5.7
1985-06-27,27.7,25.0,24.0,0.0
1985-06-28,26.1,24.2,23.1,0.6
1985-06-29,29.0,24.7,22.1,0.0
1985-06-30,25.6,23.4,22.5,0.7
1985-07-01,23.9,22.4,21.9,16.0
1985-07-02,24.8,23.1,22.0,1.8
1985-07-03,26.3,24.1,22.7,3.8
1985-07-04,30.1,26.2,23.7,0.0
1985-07-05,27.5,21.4,19.5,56.3
1985-07-06,23.9,21.4,19.9,1.1
1985-07-07,29.8,24.2,20.2,0.0
1985-07-08,26.6,24.8,24.5,0.9
1985-07-09,28.7,25.2,22.9,2.3
1985-07-10,35.9,29.8,24.5,0.0
1985-07-11,35.5,31.5,28.4,0.0
1985-07-12,32.3,24.8,23.6,11.4
1985-07-13,31.8,27.0,23.4,0.0
1985-07-14,34.6,29.5,26.0,0.0
1985-07-15,36.2,30.9,26.9,0.0
1985-07-16,32.7,25.4,23.1,4.4
1985-07-17,30.9,25.6,21.6,0.0
1985-07-18,34.3,29.1,24.4,0.0
1985-07-19,34.4,28.7,25.5,0.0
1985-07-20,34.1,27.5,23.2,27.7
1985-07-21,34.6,29.6,26.5,0.6
1985-07-22,29.5,26.3,24.5,0.0
1985-07-23,33.1,26.3,23.9,0.6
1985-07-24,33.6,27.2,23.9,0.1
1985-07-25,33.9,28.4,23.5,0.0
1985-07-26,33.0,28.2,23.7,0.0
1985-07-27,35.1,27.9,23.4,0.9
1985-07-28,35.6,30.9,26.6,0.0
1985-07-29,32.4,28.0,25.6,0.0
1985-07-30,33.6,28.0,23.9,0.0
1985-07-31,34.5,29.7,25.4,3.2
1985-08-01,35.2,30.7,26.4,0.3
1985-08-02,36.1,30.5,26.8,0.0
1985-08-03,37.8,31.6,26.6,0.0
1985-08-04,39.0,32.7,27.6,0.0
1985-08-05,39.1,33.8,28.9,0.0
1985-08-06,38.6,32.9,29.1,0.0
1985-08-07,34.5,28.5,25.9,11.1
1985-08-08,35.8,29.0,24.3,38.8
1985-08-09,37.2,32.4,27.9,0.0
1985-08-10,35.1,31.0,29.1,0.0
1985-08-11,30.3,26.6,25.2,0.0
1985-08-12,33.1,27.5,23.8,0.0
1985-08-13,35.2,29.7,25.2,0.9
1985-08-14,36.5,31.3,26.6,0.0
1985-08-15,38.0,32.0,27.2,0.0
1985-08-16,38.1,32.0,26.5,0.0
1985-08-17,38.7,32.9,29.9,0.0
1985-08-18,31.9,28.1,23.5,0.6
1985-08-19,30.1,24.4,22.0,18.3
1985-08-20,26.4,23.2,21.9,3.1
1985-08-21,30.6,26.2,22.8,0.0
1985-08-22,33.4,28.9,25.7,0.0
1985-08-23,34.7,28.5,24.5,0.0
1985-08-24,35.6,30.4,25.6,0.0
1985-08-25,35.1,30.4,26.7,0.0
1985-08-26,31.4,28.0,26.0,0.1
1985-08-27,35.8,29.2,25.6,2.8
1985-08-28,35.1,29.2,24.9,0.0
1985-08-29,36.6,30.5,26.3,0.0
1985-08-30,33.1,29.0,25.4,2.0
1985-08-31,31.0,26.4,21.9,20.6
1985-09-01,29.7,24.3,21.1,7.8
1985-09-02,30.7,25.9,22.3,0.0
1985-09-03,27.8,25.5,24.6,0.0
1985-09-04,25.9,22.9,21.5,2.1
1985-09-05,23.2,20.7,19.6,7.6
1985-09-06,27.1,23.4,20.8,0.8
1985-09-07,28.4,25.2,22.6,0.6
1985-09-08,30.6,26.6,23.7,0.2
1985-09-09,34.5,29.2,24.4,0.0
1985-09-10,35.7,30.3,25.6,0.0
1985-09-11,35.7,30.7,26.3,0.0
1985-09-12,35.5,30.6,26.8,0.0
1985-09-13,35.1,30.7,27.2,0.0
1985-09-14,31.7,23.0,21.1,0.0
1985-09-15,21.3,20.2,19.7,0.1
1985-09-16,20.3,18.9,18.4,2.6
1985-09-17,19.4,18.4,17.8,1.2
1985-09-18,22.2,19.4,17.6,0.0
1985-09-19,19.9,18.2,17.5,8.6
1985-09-20,19.8,18.6,17.8,0.1
1985-09-21,18.8,18.2,17.5,16.2
1985-09-22,18.8,17.9,17.4,16.4
1985-09-23,24.8,20.2,17.6,0.0
1985-09-24,27.1,21.2,17.5,0.0
1985-09-25,26.6,22.7,18.9,0.0
1985-09-26,23.5,18.2,16.7,13.5
1985-09-27,22.1,18.5,16.4,15.3
1985-09-28,24.6,19.9,17.1,0.0
1985-09-29,25.4,21.5,19.1,0.0
1985-09-30,23.0,21.0,19.1,0.0
1985-10-01,22.0,18.8,17.6,0.9
1985-10-02,19.8,17.5,16.0,3.9
1985-10-03,22.7,18.3,15.0,0.0
1985-10-04,25.2,19.6,15.1,0.0
1985-10-05,27.0,20.7,16.6,0.0
1985-10-06,29.1,22.7,17.8,0.0
1985-10-07,30.5,23.7,19.5,0.0
1985-10-08,30.2,24.9,21.0,0.0
1985-10-09,26.4,23.3,21.3,0.0
1985-10-10,27.1,23.1,20.7,0.0
1985-10-11,30.2,25.3,21.5,0.0
1985-10-12,27.8,25.0,23.5,0.0
1985-10-13,28.0,22.8,20.4,0.0
1985-10-14,23.2,20.6,19.7,0.0
1985-10-15,21.2,18.8,17.4,0.2
1985-10-16,17.5,13.9,12.9,4.2
1985-10-17,13.7,12.9,12.4,2.2
1985-10-18,14.1,13.1,12.4,2.3
1985-10-19,13.6,13.1,12.6,11.8
1985-10-20,17.9,14.6,12.8,2.9
1985-10-21,19.0,16.0,13.5,0.0
1985-10-22,18.3,16.4,15.1,0.2
1985-10-23,17.3,15.0,13.1,6.9
1985-10-24,19.7,16.4,14.3,0.0
1985-10-25,21.4,17.3,15.1,0.0
1985-10-26,18.5,17.0,15.9,5.7
1985-10-27,17.6,16.5,15.6,2.7
1985-10-28,20.0,17.3,15.2,0.0
1985-10-29,17.9,16.2,15.3,1.7
1985-10-30,17.9,14.9,13.9,22.6
1985-10-31,20.2,15.4,11.7,0.0
1985-11-01,22.8,17.8,12.9,0.0
1985-11-02,22.1,18.4,16.9,0.0
1985-11-03,18.3,16.4,15.1,3.5
1985-11-04,15.3,12.4,11.5,15.0
1985-11-05,17.8,13.5,11.0,0.0
1985-11-06,15.7,14.6,13.6,0.0
1985-11-07,14.8,12.8,11.9,14.3
1985-11-08,12.5,11.5,10.5,1.2
1985-11-09,15.4,12.3,10.5,1.8
1985-11-10,16.4,13.9,12.4,0.0
1985-11-11,16.0,13.6,12.0,0.0
1985-11-12,14.6,13.5,12.9,0.6
1985-11-13,16.4,12.6,10.4,0.0
1985-11-14,15.4,12.8,10.9,0.0
1985-11-15,15.2,13.1,12.4,0.0
1985-11-16,17.5,14.1,11.4,0.0
1985-11-17,17.2,14.9,13.5,0.0
1985-11-18,17.4,14.0,11.5,0.0
1985-11-19,15.7,13.0,10.5,0.3
1985-11-20,13.4,12.7,12.0,17.6
1985-11-21,17.8,14.5,12.5,0.2
1985-11-22,17.5,15.4,14.1,0.0
1985-11-23,16.2,11.3,9.5,6.1
1985-11-24,12.7,10.6,8.7,3.3
1985-11-25,15.2,12.5,10.3,0.0
1985-11-26,13.5,12.5,11.8,0.0
1985-11-27,13.4,11.9,11.1,0.0
1985-11-28,12.5,9.2,7.3,3.7
1985-11-29,9.3,8.1,7.5,0.0
1985-11-30,12.0,9.5,8.3,0.0
1985-12-01,12.4,9.6,8.7,0.0
1985-12-02,10.2,8.5,6.7,0.0
1985-12-03,12.0,9.7,9.0,0.0
1985-12-04,14.1,9.5,6.2,0.0
1985-12-05,15.4,11.8,9.7,4.0
1985-12-06,13.4,10.9,10.0,0.0
1985-12-07,13.9,11.5,9.5,0.0
1985-12-08,12.2,11.2,10.3,0.0
1985-12-09,10.3,8.3,7.4,0.0
1985-12-10,7.6,6.3,5.8,0.0
1985-12-11,8.3,5.8,4.7,0.0
1985-12-12,9.7,6.7,4.5,0.0
1985-12-13,8.6,6.3,3.5,0.0
1985-12-14,11.0,7.2,4.3,0.0
1985-12-15,10.3,6.3,3.0,0.0
1985-12-16,9.2,5.4,3.1,0.0
1985-12-17,7.9,7.0,5.4,0.0
1985-12-18,7.9,7.4,6.6,0.0
1985-12-19,7.9,6.7,5.6,3.8
1985-12-20,5.9,4.3,3.5,3.4
1985-12-21,6.6,5.6,4.3,0.5
1985-12-22,10.2,7.7,5.8,0.0
1985-12-23,9.1,7.7,6.8,0.0
1985-12-24,9.5,7.0,5.0,0.0
1985-12-25,8.7,7.7,6.8,0.0
1985-12-26,12.4,8.6,5.8,0.0
1985-12-27,9.9,7.4,6.3,0.0
1985-12-28,7.9,6.9,6.6,0.8
1985-12-29,7.6,7.1,6.6,3.0
1985-12-30,8.9,7.4,5.7,0.0
1985-12-31,8.0,6.4,5.8,5.9
1986-01-01,10.6,6.3,2.1,0.0
1986-01-02,8.6,6.5,5.2,0.0
1986-01-03,11.7,7.5,5.4,0.4
1986-01-04,12.1,7.6,4.2,0.0
1986-01-05,10.6,7.9,5.8,0.0
1986-01-06,12.2,9.0,6.6,0.0
1986-01-07,12.5,8.4,4.9,0.0
1986-01-08,10.3,7.4,5.8,0.0
1986-01-09,11.0,7.4,4.1,0.0
1986-01-10,11.9,7.8,4.0,0.0
1986-01-11,11.5,9.4,7.9,0.0
1986-01-12,10.1,9.4,8.8,0.1
1986-01-13,9.7,8.6,8.3,0.0
1986-01-14,8.6,7.5,6.9,0.0
1986-01-15,9.6,7.1,4.9,0.0
1986-01-16,8.8,7.5,6.8,0.0
1986-01-17,11.7,8.5,6.4,0.1
1986-01-18,13.2,9.4,6.3,0.0
1986-01-19,10.6,8.9,8.5,0.0
1986-01-20,13.7,10.3,7.5,0.0
1986-01-21,13.3,10.8,9.2,0.0
1986-01-22,11.9,10.2,8.9,0.0
1986-01-23,10.0,8.1,7.2,0.0
1986-01-24,8.6,7.0,6.4,2.6
1986-01-25,7.5,6.6,5.6,0.7
1986-01-26,11.8,8.1,6.2,0.0
1986-01-27,11.2,8.8,6.8,0.0
1986-01-28,12.4,9.4,7.2,0.0
1986-01-29,9.7,9.0,8.6,0.0
1986-01-30,12.3,9.1,7.6,0.0
1986-01-31,9.8,6.9,5.3,5.9
1986-02-01,5.5,4.4,3.3,6.6
1986-02-02,7.4,6.0,4.8,0.0
1986-02-03,7.2,5.8,4.7,2.9
1986-02-04,11.3,7.4,4.2,0.0
1986-02-05,9.2,7.7,7.0,0.0
1986-02-06,7.7,6.7,6.1,0.1
1986-02-07,8.1,4.8,2.4,0.3
1986-02-08,6.8,5.5,4.1,0.0
1986-02-09,10.4,6.8,4.8,2.1
1986-02-10,14.0,7.9,3.2,0.0
1986-02-11,14.6,9.9,5.5,0.0
1986-02-12,12.6,10.3,9.2,0.0
1986-02-13,14.6,10.6,8.6,0.0
1986-02-14,16.7,12.1,8.2,0.0
1986-02-15,14.4,12.3,11.4,0.0
1986-02-16,11.6,9.6,8.3,0.0
1986-02-17,10.1,8.0,7.2,1.0
1986-02-18,8.6,7.8,7.3,0.9
1986-02-19,15.0,10.3,6.7,0.0
1986-02-20,12.9,9.6,8.9,7.4
1986-02-21,9.4,8.0,6.8,0.1
1986-02-22,8.6,7.5,6.7,0.0
1986-02-23,13.8,9.0,6.6,0.0
1986-02-24,12.8,10.3,8.9,0.0
1986-02-25,11.6,9.5,8.4,0.8
1986-02-26,9.4,7.8,6.5,3.9
1986-02-27,6.8,5.3,4.4,7.5
1986-02-28,5.7,3.7,3.0,2.5
1986-03-01,7.4,4.0,1.1,4.1
1986-03-02,11.7,5.8,1.8,0.0
1986-03-03,14.4,8.2,2.7,0.0
1986-03-04,16.5,9.9,4.1,0.0
1986-03-05,17.1,11.6,7.0,0.0
1986-03-06,19.1,12.5,7.6,0.0
1986-03-07,18.7,14.3,11.2,0.0
1986-03-08,15.6,10.5,8.2,0.6
1986-03-09,15.2,10.8,8.4,0.0
1986-03-10,17.5,12.3,9.3,7.1
1986-03-11,17.6,13.6,12.0,0.0
1986-03-12,18.3,14.6,13.1,0.0
1986-03-13,20.3,15.9,12.9,0.7
1986-03-14,20.7,16.5,14.3,0.5
1986-03-15,21.6,17.8,14.7,0.3
1986-03-16,19.7,16.8,15.1,0.0
1986-03-17,16.5,13.2,12.0,0.0
1986-03-18,18.3,13.1,10.2,0.0
1986-03-19,16.8,13.3,11.3,0.0
1986-03-20,14.7,13.6,12.7,0.0
1986-03-21,14.4,10.3,8.9,2.3
1986-03-22,15.1,11.2,8.9,2.3
1986-03-23,13.0,11.4,10.1,0.5
1986-03-24,15.9,12.8,10.6,0.0
1986-03-25,17.6,14.5,11.8,0.0
1986-03-26,19.2,15.9,13.1,0.0
1986-03-27,17.3,14.4,12.5,1.3
1986-03-28,21.3,16.0,11.9,0.0
1986-03-29,21.7,17.3,15.1,0.0
1986-03-30,17.6,12.1,10.7,1.7
1986-03-31,14.4,11.9,10.4,0.3
1986-04-01,17.3,13.1,11.0,0.0
1986-04-02,20.4,15.8,12.8,0.0
1986-04-03,23.5,17.5,13.4,0.0
1986-04-04,18.9,16.3,14.5,0.4
1986-04-05,14.9,13.1,12.2,11.0
1986-04-06,16.5,13.9,12.2,0.0
1986-04-07,14.6,13.5,13.0,1.9
1986-04-08,18.7,14.7,12.5,1.1
1986-04-09,23.7,18.6,14.6,0.0
1986-04-10,21.0,16.7,15.2,9.8
1986-04-11,17.7,16.2,14.6,0.0
1986-04-12,17.1,15.9,14.6,0.0
1986-04-13,18.5,16.1,14.5,3.3
1986-04-14,17.7,15.5,14.6,11.9
1986-04-15,21.7,16.8,13.4,0.0
1986-04-16,19.2,15.4,13.6,2.8
1986-04-17,18.2,14.8,13.0,6.0
1986-04-18,23.6,18.4,14.5,0.0
1986-04-19,24.0,20.1,17.4,0.7
1986-04-20,22.1,18.7,16.0,6.3
1986-04-21,23.7,19.4,16.0,0.0
1986-04-22,28.7,22.2,17.0,0.0
1986-04-23,31.2,25.2,19.9,0.0
1986-04-24,33.0,27.5,23.2,0.0
1986-04-25,29.3,24.6,21.4,0.0
1986-04-26,21.4,15.8,14.6,1.0
1986-04-27,14.8,13.4,12.7,3.1
1986-04-28,15.8,13.6,12.4,1.1
1986-04-29,15.5,14.1,13.1,2.3
1986-04-30,17.6,15.0,14.0,0.0
1986-05-01,20.7,16.4,14.0,0.6
1986-05-02,24.5,18.9,14.8,0.0
1986-05-03,26.4,21.3,16.0,0.0
1986-05-04,22.8,18.5,16.3,9.5
1986-05-05,19.1,17.5,16.1,5.6
1986-05-06,20.9,18.0,16.5,0.0
1986-05-07,27.2,20.4,14.9,0.0
1986-05-08,29.0,23.3,18.6,0.0
1986-05-09,32.3,25.6,19.8,0.0
1986-05-10,34.0,28.2,24.1,0.0
1986-05-11,29.6,26.0,22.5,0.8
1986-05-12,32.2,26.6,23.9,0.0
1986-05-13,26.0,19.5,17.2,16.0
1986-05-14,28.8,22.6,18.1,0.0
1986-05-15,28.7,24.7,21.9,0.0
1986-05-16,27.6,24.6,22.4,0.1
1986-05-17,29.5,25.4,20.2,7.2
1986-05-18,27.7,24.2,21.9,16.9
1986-05-19,29.8,25.7,23.4,0.0
1986-05-20,27.8,21.0,18.4,46.9
1986-05-21,20.4,18.1,17.0,3.5
1986-05-22,27.5,22.0,18.8,0.0
1986-05-23,23.8,22.3,21.3,0.0
1986-05-24,22.4,21.1,20.5,0.0
1986-05-25,21.2,19.8,19.4,5.4
1986-05-26,22.2,19.6,18.3,5.0
1986-05-27,25.4,21.3,18.8,0.1
1986-05-28,28.6,24.0,19.6,0.0
1986-05-29,32.3,27.0,22.0,0.0
1986-05-30,29.7,22.6,20.4,22.2
1986-05-31,26.4,22.6,20.8,0.0
1986-06-01,27.5,24.3,22.1,2.8
1986-06-02,26.2,23.5,22.9,0.0
1986-06-03,28.4,24.8,21.8,0.0
1986-06-04,26.2,22.1,21.6,38.4
1986-06-05,21.9,20.5,18.7,15.0
1986-06-06,19.1,18.3,17.8,8.6
1986-06-07,21.4,19.6,18.3,0.7
1986-06-08,21.1,20.1,19.7,2.9
1986-06-09,20.2,19.2,18.4,14.2
1986-06-10,26.6,21.9,19.4,0.0
1986-06-11,27.9,24.1,21.9,0.0
1986-06-12,31.1,26.0,22.4,0.0
1986-06-13,32.8,28.3,23.3,0.0
1986-06-14,34.1,29.5,25.4,0.0
1986-06-15,30.1,24.2,22.8,0.0
1986-06-16,27.4,24.0,21.9,0.0
1986-06-17,32.4,26.9,21.9,0.0
1986-06-18,32.4,28.1,25.7,0.0
1986-06-19,31.9,26.3,23.6,0.0
1986-06-20,26.1,21.0,20.4,76.7
1986-06-21,25.2,22.1,20.3,10.2
1986-06-22,29.9,24.5,20.6,0.0
1986-06-23,32.3,27.2,23.2,0.0
1986-06-24,34.0,29.0,25.0,0.0
1986-06-25,32.8,28.1,24.2,5.1
1986-06-26,35.7,31.1,27.0,0.0
1986-06-27,32.3,26.5,24.9,19.1
1986-06-28,31.0,26.7,23.2,0.1
1986-06-29,33.6,28.4,23.7,3.0
1986-06-30,33.3,30.1,27.4,0.0
1986-07-01,33.5,28.1,25.2,16.3
1986-07-02,26.2,24.6,23.6,42.1
1986-07-03,27.8,25.0,24.0,9.2
1986-07-04,28.8,24.7,21.9,96.9
1986-07-05,32.1,27.1,23.7,0.0
1986-07-06,33.3,28.4,24.4,0.0
1986-07-07,34.3,30.2,26.1,0.0
1986-07-08,33.7,29.4,26.0,0.0
1986-07-09,33.7,30.0,26.3,0.0
1986-07-10,31.0,28.4,26.9,0.0
1986-07-11,32.7,28.0,24.7,0.1
1986-07-12,34.8,30.2,26.3,0.0
1986-07-13,33.4,28.2,25.7,0.0
1986-07-14,31.4,26.9,24.1,56.1
1986-07-15,31.1,26.4,25.6,8.9
1986-07-16,25.9,23.6,21.8,28.7
1986-07-17,26.0,24.0,23.3,2.1
1986-07-18,30.6,25.9,22.5,0.0
1986-07-19,28.4,24.8,23.1,2.7
1986-07-20,25.7,24.3,23.4,0.3
1986-07-21,31.6,26.5,23.5,0.6
1986-07-22,32.3,27.7,25.4,0.9
1986-07-23,29.0,26.2,24.6,3.0
1986-07-24,31.5,25.1,22.5,129.0
1986-07-25,26.3,24.2,22.9,27.8
1986-07-26,31.0,26.2,23.0,0.0
1986-07-27,33.5,29.0,24.9,0.0
1986-07-28,35.0,28.8,25.9,0.0
1986-07-29,34.0,28.8,24.7,0.0
1986-07-30,33.8,28.6,25.1,0.0
1986-07-31,30.4,27.5,24.3,0.0
1986-08-01,33.7,28.5,25.0,0.0
1986-08-02,34.6,28.9,25.2,0.0
1986-08-03,29.0,25.6,24.6,0.9
1986-08-04,30.5,26.1,22.8,0.0
1986-08-05,33.7,27.6,22.8,0.0
1986-08-06,35.3,29.9,25.3,0.0
1986-08-07,37.1,30.3,27.0,0.0
1986-08-08,32.7,27.7,24.4,0.0
1986-08-09,35.8,29.6,24.6,0.0
1986-08-10,37.0,31.4,26.9,0.0
1986-08-11,37.4,32.4,27.4,0.0
1986-08-12,35.5,31.2,27.4,0.0
1986-08-13,35.5,30.9,27.5,0.8
1986-08-14,36.5,31.6,27.2,0.0
1986-08-15,37.5,31.8,28.7,0.0
1986-08-16,31.3,27.1,24.4,4.0
1986-08-17,34.9,26.6,22.8,17.1
1986-08-18,34.8,27.8,24.7,4.9
1986-08-19,29.0,23.9,19.9,35.8
1986-08-20,32.6,27.2,22.7,0.0
1986-08-21,34.9,29.1,24.9,0.0
1986-08-22,34.3,29.3,24.4,0.0
1986-08-23,30.8,26.4,24.2,2.8
1986-08-24,24.3,20.1,19.4,41.5
1986-08-25,20.3,18.9,18.3,12.9
1986-08-26,22.7,20.3,18.5,0.1
1986-08-27,24.2,21.8,20.3,0.0
1986-08-28,26.5,23.5,21.1,0.0
1986-08-29,26.2,23.8,22.1,0.0
1986-08-30,24.7,23.3,22.6,1.0
1986-08-31,24.6,23.1,21.9,0.4
1986-09-01,30.1,25.3,22.5,0.0
1986-09-02,31.4,26.2,24.2,0.0
1986-09-03,25.7,23.6,21.8,3.9
1986-09-04,22.8,19.8,18.6,32.4
1986-09-05,27.7,22.7,19.5,0.0
1986-09-06,25.8,23.3,22.6,1.0
1986-09-07,29.3,24.2,21.3,0.4
1986-09-08,35.0,28.8,23.6,0.0
1986-09-09,32.0,23.6,21.8,0.0
1986-09-10,25.3,21.5,19.3,16.6
1986-09-11,22.9,21.3,20.7,0.7
1986-09-12,21.0,19.2,18.8,7.4
1986-09-13,19.9,18.9,18.2,25.6
1986-09-14,19.8,19.0,18.5,14.6
1986-09-15,21.4,19.9,19.2,1.1
1986-09-16,21.5,20.3,19.6,1.0
1986-09-17,22.1,20.7,19.9,0.2
1986-09-18,21.5,19.7,18.8,6.1
1986-09-19,26.8,21.4,18.6,0.0
1986-09-20,28.8,23.1,18.4,0.0
1986-09-21,29.8,24.1,19.4,0.0
1986-09-22,28.1,23.7,21.0,0.0
1986-09-23,27.9,23.0,20.1,0.0
1986-09-24,25.5,21.6,19.8,0.0
1986-09-25,22.3,20.4,19.2,1.9
1986-09-26,21.3,18.7,17.4,11.3
1986-09-27,23.6,19.8,17.6,1.2
1986-09-28,24.3,20.7,18.5,0.0
1986-09-29,21.9,19.9,19.4,0.2
1986-09-30,22.7,19.4,17.5,0.0
1986-10-01,24.3,20.5,18.5,0.0
1986-10-02,24.2,21.0,18.3,0.0
1986-10-03,21.3,17.8,16.1,1.0
1986-10-04,19.9,17.4,16.2,0.9
1986-10-05,24.0,18.5,13.7,0.0
1986-10-06,25.6,20.2,15.6,0.0
1986-10-07,22.2,19.9,18.9,0.0
1986-10-08,22.7,19.5,17.3,0.0
1986-10-09,24.2,20.0,18.1,0.0
1986-10-10,21.7,19.6,18.1,0.2
1986-10-11,20.3,18.0,16.4,2.9
1986-10-12,18.9,16.9,15.7,3.6
1986-10-13,19.9,17.2,16.1,0.0
1986-10-14,18.2,16.6,15.3,0.1
1986-10-15,19.6,17.7,16.4,0.1
1986-10-16,22.0,19.3,17.5,0.0
1986-10-17,20.2,18.7,17.9,36.9
1986-10-18,21.7,19.7,18.5,0.1
1986-10-19,22.9,20.2,17.8,2.1
1986-10-20,20.5,17.7,17.1,4.0
1986-10-21,18.2,16.4,15.5,2.9
1986-10-22,17.0,15.7,15.1,3.4
1986-10-23,16.3,15.1,14.5,0.3
1986-10-24,19.0,16.7,15.2,0.0
1986-10-25,17.9,16.2,15.6,2.1
1986-10-26,18.1,16.5,16.0,0.8
1986-10-27,21.3,17.0,14.7,0.3
1986-10-28,18.1,12.2,6.5,12.3
1986-10-29,15.2,9.7,7.2,0.4
1986-10-30,14.9,11.2,9.1,0.0
1986-10-31,14.2,12.0,10.6,0.0
1986-11-01,16.4,13.2,11.6,0.0
1986-11-02,15.2,14.2,13.0,0.0
1986-11-03,15.0,12.9,11.8,9.9
1986-11-04,18.9,14.6,12.2,0.2
1986-11-05,16.1,15.1,13.7,0.0
1986-11-06,15.9,14.0,13.4,14.5
1986-11-07,16.7,14.1,13.0,0.0
1986-11-08,14.0,10.0,8.8,9.2
1986-11-09,14.9,10.0,6.2,0.0
1986-11-10,12.4,10.2,9.0,9.6
1986-11-11,10.2,9.1,8.2,2.8
1986-11-12,14.5,10.8,9.5,1.0
1986-11-13,14.0,11.4,9.3,0.0
1986-11-14,14.0,12.6,11.7,0.0
1986-11-15,15.0,13.3,12.2,0.0
1986-11-16,17.7,14.9,13.1,0.0
1986-11-17,15.9,13.6,13.3,0.2
1986-11-18,13.4,12.0,11.5,6.4
1986-11-19,14.3,12.3,11.7,0.1
1986-11-20,14.9,12.8,11.3,0.0
1986-11-21,15.0,13.6,12.8,0.0
1986-11-22,14.1,13.3,12.8,0.0
1986-11-23,14.5,13.5,12.7,0.0
1986-11-24,13.9,11.6,10.6,1.8
1986-11-25,11.1,9.9,9.2,3.0
1986-11-26,10.4,9.7,9.2,0.1
1986-11-27,9.5,8.2,7.3,0.4
1986-11-28,9.0,7.8,7.3,1.4
1986-11-29,8.6,7.9,7.2,3.8
1986-11-30,10.0,8.1,7.3,0.0
1986-12-01,9.2,7.9,7.2,0.4
1986-12-02,13.3,9.3,8.1,0.0
1986-12-03,14.2,9.8,7.1,0.0
1986-12-04,13.5,9.6,6.0,0.0
1986-12-05,12.4,9.8,7.0,0.0
1986-12-06,11.3,10.4,9.8,0.0
1986-12-07,12.6,10.7,9.9,0.0
1986-12-08,11.7,10.8,10.3,0.0
1986-12-09,14.8,11.0,8.1,0.0
1986-12-10,14.8,10.7,7.4,0.0
1986-12-11,13.2,11.6,10.8,0.0
1986-12-12,12.6,11.0,10.4,0.0
1986-12-13,13.2,11.3,10.5,0.0
1986-12-14,11.6,10.2,9.1,0.0
1986-12-15,11.3,10.2,9.9,2.9
1986-12-16,10.2,9.1,8.7,1.0
1986-12-17,9.1,6.4,5.6,2.8
1986-12-18,12.0,7.5,4.8,0.0
1986-12-19,10.5,7.8,5.8,0.0
1986-12-20,9.8,8.3,7.4,0.0
1986-12-21,9.5,8.1,7.2,0.0
1986-12-22,12.5,9.2,7.9,0.0
1986-12-23,9.4,8.5,8.0,0.0
1986-12-24,13.3,9.6,6.5,0.0
1986-12-25,11.0,8.7,7.3,0.0
1986-12-26,9.7,8.5,7.8,1.7
1986-12-27,12.7,9.2,7.7,0.0
1986-12-28,13.2,9.3,6.1,0.0
1986-12-29,11.4,8.9,8.7,0.0
1986-12-30,12.5,9.8,8.7,0.0
1986-12-31,10.6,9.1,7.1,0.0
